[3J[H[2Jtime, , AT_21, WU_422, WV_423, depth, latitude, longitude
, , AIR TEMPERATURE (C), WIND U (M/S)             , WIND V (M/S)             , , , 
time, , C, m s-1, m s-1, m, degree_north, degree_west
2018-01-01 00:00:00, , -21.348984, -4.5464783, -3.6280098, 10.0, 71.21263, 164.4151
2018-01-02 00:00:00, , -19.522125, -6.096176, -3.389885, 10.0, 71.21263, 164.4151
2018-01-03 00:00:00, , -19.701828, -0.8368473, -3.2108078, 10.0, 71.21263, 164.4151
2018-01-04 00:00:00, , -19.801636, 0.8094826, -1.5798416, 10.0, 71.21263, 164.4151
2018-01-05 00:00:00, , -18.653702, -1.950779, -2.132349, 10.0, 71.21263, 164.4151
2018-01-06 00:00:00, , -18.84111, -6.060997, -2.8997822, 10.0, 71.21263, 164.4151
2018-01-07 00:00:00, , -23.550827, -7.7649956, -1.4629631, 10.0, 71.21263, 164.4151
2018-01-08 00:00:00, , -27.2406, -7.4106216, 0.4849186, 10.0, 71.21263, 164.4151
2018-01-09 00:00:00, , -30.066772, -2.9094105, 0.16189957, 10.0, 71.21263, 164.4151
2018-01-10 00:00:00, , -24.628342, -0.8243127, -1.2948537, 10.0, 71.21263, 164.4151
2018-01-11 00:00:00, , -31.056107, -2.0605583, -1.3412857, 10.0, 71.21263, 164.4151
2018-01-12 00:00:00, , -31.290115, -2.9699612, -1.8497983, 10.0, 71.21263, 164.4151
2018-01-13 00:00:00, , -30.651855, -3.256052, -1.9581549, 10.0, 71.21263, 164.4151
2018-01-14 00:00:00, , -29.12854, -1.7052269, -2.1686554, 10.0, 71.21263, 164.4151
2018-01-15 00:00:00, , -29.174973, -0.9556196, -1.9504814, 10.0, 71.21263, 164.4151
2018-01-16 00:00:00, , -21.245895, -2.3734343, -0.86717224, 10.0, 71.21263, 164.4151
2018-01-17 00:00:00, , -13.229218, -1.3161564, -1.0696812, 10.0, 71.21263, 164.4151
2018-01-18 00:00:00, , -19.065384, 1.8228569, -1.8747845, 10.0, 71.21263, 164.4151
2018-01-19 00:00:00, , -28.173004, 6.0547485, 0.80661774, 10.0, 71.21263, 164.4151
2018-01-20 00:00:00, , -32.67514, 3.050686, 1.7528576, 10.0, 71.21263, 164.4151
2018-01-21 00:00:00, , -33.53044, 2.9885654, 0.8508549, 10.0, 71.21263, 164.4151
2018-01-22 00:00:00, , -33.545105, 1.3130322, -1.2520523, 10.0, 71.21263, 164.4151
2018-01-23 00:00:00, , -30.063507, 0.719347, -1.463995, 10.0, 71.21263, 164.4151
2018-01-24 00:00:00, , -27.600204, 0.44223785, -1.4751701, 10.0, 71.21263, 164.4151
2018-01-25 00:00:00, , -27.115875, 0.2378807, -1.8114815, 10.0, 71.21263, 164.4151
2018-01-26 00:00:00, , -25.9673, 0.48729515, -1.8662434, 10.0, 71.21263, 164.4151
2018-01-27 00:00:00, , -22.555054, -2.8519168, 1.5448093, 10.0, 71.21263, 164.4151
2018-01-28 00:00:00, , -21.591675, 1.2341404, 4.687296, 10.0, 71.21263, 164.4151
2018-01-29 00:00:00, , -22.59195, 0.59443855, -0.6943989, 10.0, 71.21263, 164.4151
2018-01-30 00:00:00, , -22.53688, -1.2375278, -2.2389736, 10.0, 71.21263, 164.4151
2018-01-31 00:00:00, , -24.840546, -1.888279, 0.7054939, 10.0, 71.21263, 164.4151
2018-02-01 00:00:00, , -25.136826, 1.3859882, -0.028381348, 10.0, 71.21263, 164.4151
2018-02-02 00:00:00, , -20.53888, 0.98377705, -0.0915966, 10.0, 71.21263, 164.4151
2018-02-03 00:00:00, , -23.80075, 1.0887718, 1.942637, 10.0, 71.21263, 164.4151
2018-02-04 00:00:00, , -26.557098, -0.6645601, 0.13575602, 10.0, 71.21263, 164.4151
2018-02-05 00:00:00, , -27.571198, -2.784108, -1.7574047, 10.0, 71.21263, 164.4151
2018-02-06 00:00:00, , -25.51146, -5.41119, -0.3017298, 10.0, 71.21263, 164.4151
2018-02-07 00:00:00, , -25.705109, -1.9796524, 1.4712105, 10.0, 71.21263, 164.4151
2018-02-08 00:00:00, , -13.779297, 0.67022896, 2.830635, 10.0, 71.21263, 164.4151
2018-02-09 00:00:00, , -15.903931, -1.333416, 1.3603895, 10.0, 71.21263, 164.4151
2018-02-10 00:00:00, , -19.640076, -4.386423, -0.26387453, 10.0, 71.21263, 164.4151
2018-02-11 00:00:00, , -13.316681, -1.3318, 1.6933765, 10.0, 71.21263, 164.4151
2018-02-12 00:00:00, , -12.575867, 0.32887077, -1.7892151, 10.0, 71.21263, 164.4151
2018-02-13 00:00:00, , -15.080444, -3.5328844, -1.4601383, 10.0, 71.21263, 164.4151
2018-02-14 00:00:00, , -20.289764, -6.6014977, -0.20073128, 10.0, 71.21263, 164.4151
2018-02-15 00:00:00, , -12.975342, -0.7648239, 2.628992, 10.0, 71.21263, 164.4151
2018-02-16 00:00:00, , -9.279388, -2.0628695, 1.5482941, 10.0, 71.21263, 164.4151
2018-02-17 00:00:00, , -11.128387, -3.6770732, 2.08981, 10.0, 71.21263, 164.4151
2018-02-18 00:00:00, , -6.6707764, -3.1210747, 2.4412289, 10.0, 71.21263, 164.4151
2018-02-19 00:00:00, , -3.755951, -1.6704788, 5.154087, 10.0, 71.21263, 164.4151
2018-02-20 00:00:00, , -2.10672, -2.0560672, 6.295025, 10.0, 71.21263, 164.4151
2018-02-21 00:00:00, , -6.2033386, 4.313853, 5.6391525, 10.0, 71.21263, 164.4151
2018-02-22 00:00:00, , -12.825256, 0.8490715, -0.6885886, 10.0, 71.21263, 164.4151
2018-02-23 00:00:00, , -14.285278, 4.7979794, -1.0350857, 10.0, 71.21263, 164.4151
2018-02-24 00:00:00, , -16.054169, 3.499052, -1.5969164, 10.0, 71.21263, 164.4151
2018-02-25 00:00:00, , -13.735931, 6.1974983, -1.3790989, 10.0, 71.21263, 164.4151
2018-02-26 00:00:00, , -16.655151, 3.3840122, 0.3584671, 10.0, 71.21263, 164.4151
2018-02-27 00:00:00, , -19.141953, 1.9238129, -2.7666569, 10.0, 71.21263, 164.4151
2018-02-28 00:00:00, , -19.415482, 2.7539883, 0.6411743, 10.0, 71.21263, 164.4151
2018-03-01 00:00:00, , -19.774841, -3.3949776, 1.25284, 10.0, 71.21263, 164.4151
2018-03-02 00:00:00, , -12.203918, -4.700144, 2.6732616, 10.0, 71.21263, 164.4151
2018-03-03 00:00:00, , -8.090118, 0.18750954, 3.339529, 10.0, 71.21263, 164.4151
2018-03-04 00:00:00, , -12.845551, 2.3079586, 1.3444271, 10.0, 71.21263, 164.4151
2018-03-05 00:00:00, , -10.043091, -2.61781, -0.50860214, 10.0, 71.21263, 164.4151
2018-03-06 00:00:00, , -10.091431, 2.3607159, 0.08725357, 10.0, 71.21263, 164.4151
2018-03-07 00:00:00, , -16.62326, 1.1690431, -1.2279835, 10.0, 71.21263, 164.4151
2018-03-08 00:00:00, , -13.666901, -3.3025646, -4.3226357, 10.0, 71.21263, 164.4151
2018-03-09 00:00:00, , -14.800171, -3.8355427, -6.067814, 10.0, 71.21263, 164.4151
2018-03-10 00:00:00, , -19.089813, -1.6940708, -5.828001, 10.0, 71.21263, 164.4151
2018-03-11 00:00:00, , -18.157684, -4.434071, -2.6346054, 10.0, 71.21263, 164.4151
2018-03-12 00:00:00, , -16.878479, -3.6217232, -0.7819847, 10.0, 71.21263, 164.4151
2018-03-13 00:00:00, , -17.982468, 0.39561653, 1.1924362, 10.0, 71.21263, 164.4151
2018-03-14 00:00:00, , -17.220871, 0.17646408, -3.012003, 10.0, 71.21263, 164.4151
2018-03-15 00:00:00, , -15.941162, 1.0770651, -4.1273174, 10.0, 71.21263, 164.4151
2018-03-16 00:00:00, , -17.109253, 3.0423393, -0.8475851, 10.0, 71.21263, 164.4151
2018-03-17 00:00:00, , -19.874146, 3.8708153, -0.6582986, 10.0, 71.21263, 164.4151
2018-03-18 00:00:00, , -20.185349, -2.829277, -2.0481415, 10.0, 71.21263, 164.4151
2018-03-19 00:00:00, , -19.125443, -4.4860306, -2.0166807, 10.0, 71.21263, 164.4151
2018-03-20 00:00:00, , -17.464066, 0.30483246, -1.0653973, 10.0, 71.21263, 164.4151
2018-03-21 00:00:00, , -17.583618, -0.031709194, -0.10646641, 10.0, 71.21263, 164.4151
2018-03-22 00:00:00, , -14.541809, -5.951654, 1.1113548, 10.0, 71.21263, 164.4151
2018-03-23 00:00:00, , -9.122131, -5.9608493, 1.3938122, 10.0, 71.21263, 164.4151
2018-03-24 00:00:00, , -14.492584, -4.137097, 0.6237469, 10.0, 71.21263, 164.4151
2018-03-25 00:00:00, , -18.614212, -3.0076928, -0.47925186, 10.0, 71.21263, 164.4151
2018-03-26 00:00:00, , -19.404327, -4.9500237, -0.20674765, 10.0, 71.21263, 164.4151
2018-03-27 00:00:00, , -19.884537, -3.8870983, 0.4129269, 10.0, 71.21263, 164.4151
2018-03-28 00:00:00, , -20.327805, -0.68613434, 1.702154, 10.0, 71.21263, 164.4151
2018-03-29 00:00:00, , -16.524658, -0.9129125, 2.221239, 10.0, 71.21263, 164.4151
2018-03-30 00:00:00, , -10.502411, -1.351729, 4.5986686, 10.0, 71.21263, 164.4151
2018-03-31 00:00:00, , -3.3857117, 2.3942237, 5.2830296, 10.0, 71.21263, 164.4151
2018-04-01 00:00:00, , -10.410309, 4.000147, -0.23251712, 10.0, 71.21263, 164.4151
2018-04-02 00:00:00, , -9.94986, -1.5504819, 2.5107079, 10.0, 71.21263, 164.4151
2018-04-03 00:00:00, , -11.934448, -2.8527336, -1.4007928, 10.0, 71.21263, 164.4151
2018-04-04 00:00:00, , -17.88092, -3.166479, -2.2850738, 10.0, 71.21263, 164.4151
2018-04-05 00:00:00, , -13.758087, -4.775038, -3.613224, 10.0, 71.21263, 164.4151
2018-04-06 00:00:00, , -16.51175, -4.5557137, -4.194217, 10.0, 71.21263, 164.4151
2018-04-07 00:00:00, , -14.887421, -5.3161526, -4.0858502, 10.0, 71.21263, 164.4151
2018-04-08 00:00:00, , -12.931183, -2.6501255, 0.4154867, 10.0, 71.21263, 164.4151
2018-04-09 00:00:00, , -11.323944, -3.2116547, -1.4804211, 10.0, 71.21263, 164.4151
2018-04-10 00:00:00, , -15.14975, -2.2168121, -2.0294833, 10.0, 71.21263, 164.4151
2018-04-11 00:00:00, , -14.277191, -0.6640949, -4.3025312, 10.0, 71.21263, 164.4151
2018-04-12 00:00:00, , -13.6892395, -0.59960246, -6.9047174, 10.0, 71.21263, 164.4151
2018-04-13 00:00:00, , -15.33374, 0.8812053, -2.7298005, 10.0, 71.21263, 164.4151
2018-04-14 00:00:00, , -14.351196, -1.5916983, -1.4861698, 10.0, 71.21263, 164.4151
2018-04-15 00:00:00, , -15.345093, -4.176388, 0.5632839, 10.0, 71.21263, 164.4151
2018-04-16 00:00:00, , -13.705139, -4.0594177, 0.0036621094, 10.0, 71.21263, 164.4151
2018-04-17 00:00:00, , -12.250183, -5.7090387, -0.7596569, 10.0, 71.21263, 164.4151
2018-04-18 00:00:00, , -11.682831, -7.262581, -1.2857876, 10.0, 71.21263, 164.4151
2018-04-19 00:00:00, , -12.900299, -4.67574, -1.7387675, 10.0, 71.21263, 164.4151
2018-04-20 00:00:00, , -12.792053, -1.4021004, -2.1600118, 10.0, 71.21263, 164.4151
2018-04-21 00:00:00, , -15.363831, -0.27582347, 0.65527976, 10.0, 71.21263, 164.4151
2018-04-22 00:00:00, , -11.86731, -0.009806037, 0.25069153, 10.0, 71.21263, 164.4151
2018-04-23 00:00:00, , -13.689545, -3.7090814, -0.43442655, 10.0, 71.21263, 164.4151
2018-04-24 00:00:00, , -13.024506, -5.454043, -2.2007263, 10.0, 71.21263, 164.4151
2018-04-25 00:00:00, , -9.615112, -4.7537994, -3.3007808, 10.0, 71.21263, 164.4151
2018-04-26 00:00:00, , -3.8049011, -2.5479527, 0.33962786, 10.0, 71.21263, 164.4151
2018-04-27 00:00:00, , -3.0798035, -2.825243, 0.51786935, 10.0, 71.21263, 164.4151
2018-04-28 00:00:00, , -5.3842163, -3.9513612, -0.77820206, 10.0, 71.21263, 164.4151
2018-04-29 00:00:00, , -5.790741, -4.9688997, -2.422742, 10.0, 71.21263, 164.4151
2018-04-30 00:00:00, , -6.8807983, -4.71721, -4.3578863, 10.0, 71.21263, 164.4151
2018-05-01 00:00:00, , -4.886688, -3.9426725, -3.9448962, 10.0, 71.21263, 164.4151
2018-05-02 00:00:00, , -5.815338, -1.6842245, -2.4780276, 10.0, 71.21263, 164.4151
2018-05-03 00:00:00, , -6.928131, -2.4526048, -0.76849604, 10.0, 71.21263, 164.4151
2018-05-04 00:00:00, , -9.648346, -3.0180721, -1.7196105, 10.0, 71.21263, 164.4151
2018-05-05 00:00:00, , -7.989319, -3.5509145, -3.3402145, 10.0, 71.21263, 164.4151
2018-05-06 00:00:00, , -7.679901, -2.635826, -2.1119874, 10.0, 71.21263, 164.4151
2018-05-07 00:00:00, , -8.258392, -2.2231932, -2.1983395, 10.0, 71.21263, 164.4151
2018-05-08 00:00:00, , -3.2131042, -1.4856554, 0.59136903, 10.0, 71.21263, 164.4151
2018-05-09 00:00:00, , -3.1019592, -3.193325, -1.2025055, 10.0, 71.21263, 164.4151
2018-05-10 00:00:00, , -2.4820862, -5.470589, -2.2820415, 10.0, 71.21263, 164.4151
2018-05-11 00:00:00, , -1.6130981, -6.0222726, -1.0246868, 10.0, 71.21263, 164.4151
2018-05-12 00:00:00, , -1.8076172, -0.887697, -1.0746888, 10.0, 71.21263, 164.4151
2018-05-13 00:00:00, , -0.41775513, -0.059144735, 0.116852045, 10.0, 71.21263, 164.4151
2018-05-14 00:00:00, , -0.7636719, -1.8902845, -0.23322368, 10.0, 71.21263, 164.4151
2018-05-15 00:00:00, , -0.35473633, -2.7904482, -0.3868755, 10.0, 71.21263, 164.4151
2018-05-16 00:00:00, , -2.1383972, -3.1916418, -1.0131899, 10.0, 71.21263, 164.4151
2018-05-17 00:00:00, , -3.153778, -4.1863003, -0.78426135, 10.0, 71.21263, 164.4151
2018-05-18 00:00:00, , -2.8788147, -4.314184, 0.6560954, 10.0, 71.21263, 164.4151
2018-05-19 00:00:00, , -2.7561035, -7.247867, -0.42709923, 10.0, 71.21263, 164.4151
2018-05-20 00:00:00, , -2.907013, -6.957557, -2.3713245, 10.0, 71.21263, 164.4151
2018-05-21 00:00:00, , -2.1485596, -6.0789456, -4.0678663, 10.0, 71.21263, 164.4151
2018-05-22 00:00:00, , -1.7518616, -6.052083, -4.6406803, 10.0, 71.21263, 164.4151
2018-05-23 00:00:00, , -1.476593, -7.513631, -3.6161566, 10.0, 71.21263, 164.4151
2018-05-24 00:00:00, , -1.2987366, -6.5235653, -1.6984321, 10.0, 71.21263, 164.4151
2018-05-25 00:00:00, , -1.6356812, -6.592945, -2.498361, 10.0, 71.21263, 164.4151
2018-05-26 00:00:00, , -1.897644, -6.6954107, -3.2546756, 10.0, 71.21263, 164.4151
2018-05-27 00:00:00, , -1.914917, -8.330729, -2.025937, 10.0, 71.21263, 164.4151
2018-05-28 00:00:00, , -1.6523132, -5.753907, 1.2135677, 10.0, 71.21263, 164.4151
2018-05-29 00:00:00, , -1.7588806, -4.711237, -0.07568383, 10.0, 71.21263, 164.4151
2018-05-30 00:00:00, , -1.5035706, -6.3094306, -1.4342437, 10.0, 71.21263, 164.4151
2018-05-31 00:00:00, , -1.7408142, -4.29393, -0.43165815, 10.0, 71.21263, 164.4151
2018-06-01 00:00:00, , -2.3380432, -0.5359335, 1.7008302, 10.0, 71.21263, 164.4151
2018-06-02 00:00:00, , -0.7092285, -2.259039, 3.1188831, 10.0, 71.21263, 164.4151
2018-06-03 00:00:00, , -0.3833313, -5.927484, 1.2014465, 10.0, 71.21263, 164.4151
2018-06-04 00:00:00, , -0.51379395, -6.2464743, -2.0789914, 10.0, 71.21263, 164.4151
2018-06-05 00:00:00, , -0.40493774, -2.8525028, -3.9834137, 10.0, 71.21263, 164.4151
2018-06-06 00:00:00, , -0.045959473, -2.129026, -4.25397, 10.0, 71.21263, 164.4151
2018-06-07 00:00:00, , -0.14520264, -5.5856595, -4.967231, 10.0, 71.21263, 164.4151
2018-06-08 00:00:00, , -0.89779663, -6.028042, -4.1790147, 10.0, 71.21263, 164.4151
2018-06-09 00:00:00, , -0.73379517, 5.148443, -1.4173162, 10.0, 71.21263, 164.4151
2018-06-10 00:00:00, , -0.35928345, 6.200229, -3.1697998, 10.0, 71.21263, 164.4151
2018-06-11 00:00:00, , -0.20480347, 3.467784, -1.5484962, 10.0, 71.21263, 164.4151
2018-06-12 00:00:00, , 0.15435791, 3.2370253, -0.9198576, 10.0, 71.21263, 164.4151
2018-06-13 00:00:00, , -0.8284607, 1.5897784, -1.1256386, 10.0, 71.21263, 164.4151
2018-06-14 00:00:00, , -0.4199829, 1.3320142, -2.526083, 10.0, 71.21263, 164.4151
2018-06-15 00:00:00, , -0.004638672, 2.303708, -3.2738152, 10.0, 71.21263, 164.4151
2018-06-16 00:00:00, , -0.2609558, 0.632926, -3.4118538, 10.0, 71.21263, 164.4151
2018-06-17 00:00:00, , -1.5108643, 0.17635846, -1.6465013, 10.0, 71.21263, 164.4151
2018-06-18 00:00:00, , -0.5661316, 0.3763399, -1.4314069, 10.0, 71.21263, 164.4151
2018-06-19 00:00:00, , -0.990448, 0.08921325, -2.4837997, 10.0, 71.21263, 164.4151
2018-06-20 00:00:00, , -1.2550964, -0.23568726, -2.0548007, 10.0, 71.21263, 164.4151
2018-06-21 00:00:00, , -0.7052307, 1.0381149, 0.06875551, 10.0, 71.21263, 164.4151
2018-06-22 00:00:00, , -0.11956787, -0.6516545, -1.6220404, 10.0, 71.21263, 164.4151
2018-06-23 00:00:00, , 0.22546387, -1.5038939, -0.43228364, 10.0, 71.21263, 164.4151
2018-06-24 00:00:00, , 0.9659729, 0.84874797, 3.6484344, 10.0, 71.21263, 164.4151
2018-06-25 00:00:00, , 0.87664795, 0.65629077, 4.437666, 10.0, 71.21263, 164.4151
2018-06-26 00:00:00, , 0.9786682, -1.4162889, 0.97555363, 10.0, 71.21263, 164.4151
2018-06-27 00:00:00, , 0.48251343, -3.3716211, -1.1168236, 10.0, 71.21263, 164.4151
2018-06-28 00:00:00, , 0.30966187, -4.3214674, -1.3939186, 10.0, 71.21263, 164.4151
2018-06-29 00:00:00, , 0.2574463, -3.6721926, -1.115839, 10.0, 71.21263, 164.4151
2018-06-30 00:00:00, , 0.29699707, -3.5782676, -1.4254181, 10.0, 71.21263, 164.4151
2018-07-01 00:00:00, , 0.63861084, -3.3966417, 0.44657326, 10.0, 71.21263, 164.4151
2018-07-02 00:00:00, , 1.2218323, -0.98977447, 2.8700438, 10.0, 71.21263, 164.4151
2018-07-03 00:00:00, , 0.9590454, 1.2333349, 4.1210117, 10.0, 71.21263, 164.4151
2018-07-04 00:00:00, , 0.8314514, 4.4405003, 1.4808209, 10.0, 71.21263, 164.4151
2018-07-05 00:00:00, , 0.4779358, 3.185058, -0.28395653, 10.0, 71.21263, 164.4151
2018-07-06 00:00:00, , 1.5144653, 6.406357, 5.0245285, 10.0, 71.21263, 164.4151
2018-07-07 00:00:00, , 1.3460083, 4.8704176, 1.6971357, 10.0, 71.21263, 164.4151
2018-07-08 00:00:00, , 0.0831604, 2.9606674, -4.3467894, 10.0, 71.21263, 164.4151
2018-07-09 00:00:00, , 0.1977539, 1.4104766, -3.9989219, 10.0, 71.21263, 164.4151
2018-07-10 00:00:00, , 0.38861084, 2.9497867, -1.1805756, 10.0, 71.21263, 164.4151
2018-07-11 00:00:00, , 0.47479248, 0.50394714, -1.5617417, 10.0, 71.21263, 164.4151
2018-07-12 00:00:00, , 1.0654602, 2.2241044, 2.1499038, 10.0, 71.21263, 164.4151
2018-07-13 00:00:00, , 2.2113647, 3.6550372, 8.2983465, 10.0, 71.21263, 164.4151
2018-07-14 00:00:00, , 2.6461487, 0.63722205, 6.3814173, 10.0, 71.21263, 164.4151
2018-07-15 00:00:00, , 1.6937256, 3.6174974, 1.420783, 10.0, 71.21263, 164.4151
2018-07-16 00:00:00, , 1.236969, 5.396888, 0.053755403, 10.0, 71.21263, 164.4151
2018-07-17 00:00:00, , 1.9335938, 3.0717041, 4.0393696, 10.0, 71.21263, 164.4151
2018-07-18 00:00:00, , 2.5779114, 4.3144703, 7.1500072, 10.0, 71.21263, 164.4151
2018-07-19 00:00:00, , 1.8250122, 9.217203, 1.9483621, 10.0, 71.21263, 164.4151
2018-07-20 00:00:00, , 1.9496155, 3.6537127, 3.0285277, 10.0, 71.21263, 164.4151
2018-07-21 00:00:00, , 2.8294373, 2.29263, 5.7073617, 10.0, 71.21263, 164.4151
2018-07-22 00:00:00, , 3.4654236, 3.067848, 8.6681795, 10.0, 71.21263, 164.4151
2018-07-23 00:00:00, , 2.268219, 2.499969, 2.0361004, 10.0, 71.21263, 164.4151
2018-07-24 00:00:00, , 3.1313782, 0.8373612, 8.545603, 10.0, 71.21263, 164.4151
2018-07-25 00:00:00, , 2.2250366, 6.6506753, 2.126098, 10.0, 71.21263, 164.4151
2018-07-26 00:00:00, , 2.1653748, 1.5991926, 0.0033986568, 10.0, 71.21263, 164.4151
2018-07-27 00:00:00, , 1.9100037, -5.769098, -1.4832395, 10.0, 71.21263, 164.4151
2018-07-28 00:00:00, , 2.9238586, -2.5355, 3.0917242, 10.0, 71.21263, 164.4151
2018-07-29 00:00:00, , 3.6950684, 3.6978514, 6.680518, 10.0, 71.21263, 164.4151
2018-07-30 00:00:00, , 4.159027, 2.1292753, 6.507597, 10.0, 71.21263, 164.4151
2018-07-31 00:00:00, , 4.6575623, 1.6878105, 2.139655, 10.0, 71.21263, 164.4151
2018-08-01 00:00:00, , 5.5236206, -1.891759, -0.47745013, 10.0, 71.21263, 164.4151
2018-08-02 00:00:00, , 2.1392822, -7.0937586, -6.0628924, 10.0, 71.21263, 164.4151
2018-08-03 00:00:00, , 1.8628845, -4.047395, -5.7641573, 10.0, 71.21263, 164.4151
2018-08-04 00:00:00, , 2.406372, -3.3730674, -3.3667455, 10.0, 71.21263, 164.4151
2018-08-05 00:00:00, , 3.2894592, -1.1539061, -0.024665833, 10.0, 71.21263, 164.4151
2018-08-06 00:00:00, , 3.2858582, 0.77932787, -2.3588116, 10.0, 71.21263, 164.4151
2018-08-07 00:00:00, , 3.0725098, 4.011076, -3.4971547, 10.0, 71.21263, 164.4151
2018-08-08 00:00:00, , 2.709076, -1.553839, -3.1350648, 10.0, 71.21263, 164.4151
2018-08-09 00:00:00, , 2.8226929, -0.5740988, -2.1341348, 10.0, 71.21263, 164.4151
2018-08-10 00:00:00, , 2.98703, 1.1982082, -2.0607805, 10.0, 71.21263, 164.4151
2018-08-11 00:00:00, , 3.2890625, -1.894362, -0.85292315, 10.0, 71.21263, 164.4151
2018-08-12 00:00:00, , 3.8344727, -2.5532641, -2.7569118, 10.0, 71.21263, 164.4151
2018-08-13 00:00:00, , 3.3237305, -1.7070125, -6.4269314, 10.0, 71.21263, 164.4151
2018-08-14 00:00:00, , 3.8857117, 0.6896446, -1.2733176, 10.0, 71.21263, 164.4151
2018-08-15 00:00:00, , 5.9096375, 10.074828, 3.4789634, 10.0, 71.21263, 164.4151
2018-08-16 00:00:00, , 6.3022766, 8.785127, 0.6985923, 10.0, 71.21263, 164.4151
2018-08-17 00:00:00, , 5.06369, -2.042516, -0.34083486, 10.0, 71.21263, 164.4151
2018-08-18 00:00:00, , 5.8795776, -1.5606899, 4.5980988, 10.0, 71.21263, 164.4151
2018-08-19 00:00:00, , 5.8659363, 2.3494809, 1.7008113, 10.0, 71.21263, 164.4151
2018-08-20 00:00:00, , 5.2505493, -5.237858, 0.63616776, 10.0, 71.21263, 164.4151
2018-08-21 00:00:00, , 3.9763489, -8.914896, -2.4889786, 10.0, 71.21263, 164.4151
2018-08-22 00:00:00, , 3.039917, -10.786825, -1.485427, 10.0, 71.21263, 164.4151
2018-08-23 00:00:00, , 1.9288635, -9.549803, -1.4835047, 10.0, 71.21263, 164.4151
2018-08-24 00:00:00, , 2.140564, -8.717667, -2.1045368, 10.0, 71.21263, 164.4151
2018-08-25 00:00:00, , 3.542389, -8.5096245, 0.35596943, 10.0, 71.21263, 164.4151
2018-08-26 00:00:00, , 4.659027, -7.453391, 0.48982167, 10.0, 71.21263, 164.4151
2018-08-27 00:00:00, , 3.2893677, -6.0508046, -2.8208995, 10.0, 71.21263, 164.4151
2018-08-28 00:00:00, , 3.8016052, 5.065935, 1.2604438, 10.0, 71.21263, 164.4151
2018-08-29 00:00:00, , 6.130829, 10.063631, 2.7942553, 10.0, 71.21263, 164.4151
2018-08-30 00:00:00, , 4.947052, 5.0015526, -2.2751908, 10.0, 71.21263, 164.4151
2018-08-31 00:00:00, , 6.3578186, 8.480791, 2.8720438, 10.0, 71.21263, 164.4151
2018-09-01 00:00:00, , 4.8890076, 1.5493498, -2.4842439, 10.0, 71.21263, 164.4151
2018-09-02 00:00:00, , 5.016449, -6.9846044, 2.870959, 10.0, 71.21263, 164.4151
2018-09-03 00:00:00, , 6.650421, 3.012251, 0.8132212, 10.0, 71.21263, 164.4151
2018-09-04 00:00:00, , 6.720093, 0.6264713, 3.3016012, 10.0, 71.21263, 164.4151
2018-09-05 00:00:00, , 6.3458557, 3.933899, 1.5268784, 10.0, 71.21263, 164.4151
2018-09-06 00:00:00, , 3.3460999, 0.41862512, -2.9343333, 10.0, 71.21263, 164.4151
2018-09-07 00:00:00, , 4.429962, -2.1236498, 6.79902, 10.0, 71.21263, 164.4151
2018-09-08 00:00:00, , 7.032135, 2.3859487, 7.003862, 10.0, 71.21263, 164.4151
2018-09-09 00:00:00, , 6.809204, 3.5408783, 2.5760224, 10.0, 71.21263, 164.4151
2018-09-10 00:00:00, , 6.4453125, -2.4780438, 2.0826378, 10.0, 71.21263, 164.4151
2018-09-11 00:00:00, , 6.933441, -2.9765797, 6.2515, 10.0, 71.21263, 164.4151
2018-09-12 00:00:00, , 6.781891, 5.4478297, 4.617363, 10.0, 71.21263, 164.4151
2018-09-13 00:00:00, , 6.7796936, 2.2167952, 1.7013077, 10.0, 71.21263, 164.4151
2018-09-14 00:00:00, , 6.4813232, -6.1397457, 1.3029014, 10.0, 71.21263, 164.4151
2018-09-15 00:00:00, , 5.698883, -9.178953, -0.462471, 10.0, 71.21263, 164.4151
2018-09-16 00:00:00, , 4.3361816, -10.913052, -1.0617135, 10.0, 71.21263, 164.4151
2018-09-17 00:00:00, , 4.7021484, -9.873114, 2.176975, 10.0, 71.21263, 164.4151
2018-09-18 00:00:00, , 5.885742, -5.585718, 2.6295528, 10.0, 71.21263, 164.4151
2018-09-19 00:00:00, , 5.884552, -3.5380304, 1.2852993, 10.0, 71.21263, 164.4151
2018-09-20 00:00:00, , 5.810486, -1.7128695, -0.6346779, 10.0, 71.21263, 164.4151
2018-09-21 00:00:00, , 5.399658, -0.79891884, -1.0156076, 10.0, 71.21263, 164.4151
2018-09-22 00:00:00, , 4.7070923, -4.554518, -1.4772935, 10.0, 71.21263, 164.4151
2018-09-23 00:00:00, , 3.0369263, -7.168806, -0.45785713, 10.0, 71.21263, 164.4151
2018-09-24 00:00:00, , 2.834259, -10.142258, 1.1844473, 10.0, 71.21263, 164.4151
2018-09-25 00:00:00, , 2.4464722, -10.43025, -0.19274926, 10.0, 71.21263, 164.4151
2018-09-26 00:00:00, , 3.2157593, -6.4307427, 1.4803314, 10.0, 71.21263, 164.4151
2018-09-27 00:00:00, , 3.783905, -1.735554, 1.323843, 10.0, 71.21263, 164.4151
2018-09-28 00:00:00, , 3.019226, -5.707631, 0.9399872, 10.0, 71.21263, 164.4151
2018-09-29 00:00:00, , 3.6040344, -10.012736, 3.328558, 10.0, 71.21263, 164.4151
2018-09-30 00:00:00, , 5.5331116, -3.7655563, 2.2458115, 10.0, 71.21263, 164.4151
2018-10-01 00:00:00, , 5.5230713, -5.3376093, 1.055466, 10.0, 71.21263, 164.4151
2018-10-02 00:00:00, , 5.9585876, -5.371792, 4.1346016, 10.0, 71.21263, 164.4151
2018-10-03 00:00:00, , 5.173004, -6.806801, 1.3766781, 10.0, 71.21263, 164.4151
2018-10-04 00:00:00, , 3.0554504, -11.296546, -0.21812999, 10.0, 71.21263, 164.4151
2018-10-05 00:00:00, , 2.8670654, -9.170683, 0.97102594, 10.0, 71.21263, 164.4151
2018-10-06 00:00:00, , 3.056305, -9.514244, 0.26211357, 10.0, 71.21263, 164.4151
2018-10-07 00:00:00, , 3.8040466, -2.6665783, 3.5090828, 10.0, 71.21263, 164.4151
2018-10-08 00:00:00, , 5.0285034, 4.3277254, 4.765051, 10.0, 71.21263, 164.4151
2018-10-09 00:00:00, , 2.6275635, 3.1906981, -1.2901125, 10.0, 71.21263, 164.4151
2018-10-10 00:00:00, , 0.69506836, -7.855236, -2.8153062, 10.0, 71.21263, 164.4151
2018-10-11 00:00:00, , 0.30114746, -9.964905, -6.4830227, 10.0, 71.21263, 164.4151
2018-10-12 00:00:00, , 1.0774841, -8.996704, -4.8822613, 10.0, 71.21263, 164.4151
2018-10-13 00:00:00, , 2.296173, -8.645559, -2.4970367, 10.0, 71.21263, 164.4151
2018-10-14 00:00:00, , 2.114563, -7.9588194, -1.4650176, 10.0, 71.21263, 164.4151
2018-10-15 00:00:00, , 0.43948364, -7.73116, -2.3542228, 10.0, 71.21263, 164.4151
2018-10-16 00:00:00, , -0.6308899, -8.561586, -5.043108, 10.0, 71.21263, 164.4151
2018-10-17 00:00:00, , 0.13528442, -5.4699903, -6.622675, 10.0, 71.21263, 164.4151
2018-10-18 00:00:00, , 0.24475098, -4.33501, -5.321784, 10.0, 71.21263, 164.4151
2018-10-19 00:00:00, , 0.41879272, -3.4453228, -2.2632236, 10.0, 71.21263, 164.4151
2018-10-20 00:00:00, , 1.0661926, -5.6530437, -1.5671546, 10.0, 71.21263, 164.4151
2018-10-21 00:00:00, , 1.0075378, -4.7544494, 0.8467604, 10.0, 71.21263, 164.4151
2018-10-22 00:00:00, , 0.1715393, -5.0676823, -4.422228, 10.0, 71.21263, 164.4151
2018-10-23 00:00:00, , -1.4630432, -4.8708897, -5.482586, 10.0, 71.21263, 164.4151
2018-10-24 00:00:00, , -1.3800354, -8.252201, -8.41996, 10.0, 71.21263, 164.4151
2018-10-25 00:00:00, , -0.5084839, -2.957283, -12.26947, 10.0, 71.21263, 164.4151
2018-10-26 00:00:00, , -1.5812073, 2.3681126, -9.227423, 10.0, 71.21263, 164.4151
2018-10-27 00:00:00, , -2.3647156, 0.78863335, -8.586339, 10.0, 71.21263, 164.4151
2018-10-28 00:00:00, , -2.3526306, 0.16674924, -6.434728, 10.0, 71.21263, 164.4151
2018-10-29 00:00:00, , -1.2803345, 1.7522466, -1.1795322, 10.0, 71.21263, 164.4151
2018-10-30 00:00:00, , -0.7098999, 2.582086, 6.5396214, 10.0, 71.21263, 164.4151
2018-10-31 00:00:00, , -2.5110474, -5.4959416, 8.372477, 10.0, 71.21263, 164.4151
2018-11-01 00:00:00, , 1.8595276, 1.8674202, 8.016305, 10.0, 71.21263, 164.4151
2018-11-02 00:00:00, , 1.316742, 2.0572784, -1.9087601, 10.0, 71.21263, 164.4151
2018-11-03 00:00:00, , -1.5024109, -7.0676136, -2.879469, 10.0, 71.21263, 164.4151
2018-11-04 00:00:00, , -2.4967957, -13.634994, 0.59339905, 10.0, 71.21263, 164.4151
2018-11-05 00:00:00, , -1.8536682, -5.8427315, 6.6382437, 10.0, 71.21263, 164.4151
2018-11-06 00:00:00, , 0.9491577, -4.9906235, 7.1322603, 10.0, 71.21263, 164.4151
2018-11-07 00:00:00, , 1.6012878, 1.9845104, 5.998228, 10.0, 71.21263, 164.4151
2018-11-08 00:00:00, , -1.0939636, 6.834936, 1.3783836, 10.0, 71.21263, 164.4151
2018-11-09 00:00:00, , -1.1720276, -2.285305, -2.610939, 10.0, 71.21263, 164.4151
2018-11-10 00:00:00, , -2.1975098, -7.4157085, -3.8382473, 10.0, 71.21263, 164.4151
2018-11-11 00:00:00, , -3.6452026, -3.8850117, -4.9370537, 10.0, 71.21263, 164.4151
2018-11-12 00:00:00, , -4.292572, -3.3991108, -4.045286, 10.0, 71.21263, 164.4151
2018-11-13 00:00:00, , -5.0303955, -3.3709254, -1.6719627, 10.0, 71.21263, 164.4151
2018-11-14 00:00:00, , -3.7591248, 2.1004086, 4.2812557, 10.0, 71.21263, 164.4151
2018-11-15 00:00:00, , -2.5638123, 5.5161552, 1.0619164, 10.0, 71.21263, 164.4151
2018-11-16 00:00:00, , -2.790863, -3.7744846, -0.47623634, 10.0, 71.21263, 164.4151
2018-11-17 00:00:00, , -4.2385864, -10.605858, -1.4335651, 10.0, 71.21263, 164.4151
2018-11-18 00:00:00, , -4.3804626, -7.1647973, -5.6236744, 10.0, 71.21263, 164.4151
2018-11-19 00:00:00, , -4.949005, -7.5501, -6.8472643, 10.0, 71.21263, 164.4151
2018-11-20 00:00:00, , -5.794037, -7.6682434, -6.057013, 10.0, 71.21263, 164.4151
2018-11-21 00:00:00, , -7.308319, -8.910944, -4.475374, 10.0, 71.21263, 164.4151
2018-11-22 00:00:00, , -8.162476, -11.264223, -4.4371204, 10.0, 71.21263, 164.4151
2018-11-23 00:00:00, , -10.428131, -11.891956, -5.6901903, 10.0, 71.21263, 164.4151
2018-11-24 00:00:00, , -10.94696, -11.953386, -5.546834, 10.0, 71.21263, 164.4151
2018-11-25 00:00:00, , -12.774292, -10.5406475, -4.4232464, 10.0, 71.21263, 164.4151
2018-11-26 00:00:00, , -14.267212, -12.443424, -5.5072174, 10.0, 71.21263, 164.4151
2018-11-27 00:00:00, , -17.43364, -8.51564, -6.6690674, 10.0, 71.21263, 164.4151
2018-11-28 00:00:00, , -17.051758, -7.5553455, -5.3317337, 10.0, 71.21263, 164.4151
2018-11-29 00:00:00, , -17.158264, -7.95776, -3.4972992, 10.0, 71.21263, 164.4151
2018-11-30 00:00:00, , -17.715683, -7.2370586, -1.9144802, 10.0, 71.21263, 164.4151
2018-12-01 00:00:00, , -18.318695, -6.5970836, -3.9348545, 10.0, 71.21263, 164.4151
2018-12-02 00:00:00, , -13.4114685, -5.8667297, -0.4250164, 10.0, 71.21263, 164.4151
2018-12-03 00:00:00, , -8.04361, -0.22850227, 0.27990913, 10.0, 71.21263, 164.4151
2018-12-04 00:00:00, , -12.304352, 2.9763908, 1.0071564, 10.0, 71.21263, 164.4151
2018-12-05 00:00:00, , -17.921799, 0.8969898, -1.9329224, 10.0, 71.21263, 164.4151
2018-12-06 00:00:00, , -18.460007, -0.5357475, -2.9242973, 10.0, 71.21263, 164.4151
2018-12-07 00:00:00, , -23.937561, 0.18473625, -1.7855091, 10.0, 71.21263, 164.4151
2018-12-08 00:00:00, , -20.77182, 0.9198078, -4.002472, 10.0, 71.21263, 164.4151
2018-12-09 00:00:00, , -24.40065, -0.99921036, -4.669014, 10.0, 71.21263, 164.4151
2018-12-10 00:00:00, , -24.830643, -2.576582, -3.9600983, 10.0, 71.21263, 164.4151
2018-12-11 00:00:00, , -27.756332, -2.4189339, -3.5108814, 10.0, 71.21263, 164.4151
2018-12-12 00:00:00, , -29.59436, -1.8653293, -3.4918385, 10.0, 71.21263, 164.4151
2018-12-13 00:00:00, , -24.123917, -1.1138058, -4.274765, 10.0, 71.21263, 164.4151
2018-12-14 00:00:00, , -21.46193, -0.6568527, -4.24189, 10.0, 71.21263, 164.4151
2018-12-15 00:00:00, , -21.649933, 0.10155487, -3.6745377, 10.0, 71.21263, 164.4151
2018-12-16 00:00:00, , -22.876205, -0.79253936, -1.5336723, 10.0, 71.21263, 164.4151
2018-12-17 00:00:00, , -23.012787, 1.8027468, -1.8481026, 10.0, 71.21263, 164.4151
2018-12-18 00:00:00, , -24.972885, 2.3323727, -0.59264755, 10.0, 71.21263, 164.4151
2018-12-19 00:00:00, , -27.340866, 1.6678238, -1.3674126, 10.0, 71.21263, 164.4151
2018-12-20 00:00:00, , -24.201462, 0.50681305, -2.8129978, 10.0, 71.21263, 164.4151
2018-12-21 00:00:00, , -23.235413, -0.8442917, -3.4956193, 10.0, 71.21263, 164.4151
2018-12-22 00:00:00, , -30.100677, -1.0528628, -2.800446, 10.0, 71.21263, 164.4151
2018-12-23 00:00:00, , -27.170532, -1.8115578, -2.8631678, 10.0, 71.21263, 164.4151
2018-12-24 00:00:00, , -25.544525, -4.7926254, -1.2917252, 10.0, 71.21263, 164.4151
2018-12-25 00:00:00, , -31.193726, -5.113931, 0.09652686, 10.0, 71.21263, 164.4151
2018-12-26 00:00:00, , -33.589294, -1.2008559, -1.419611, 10.0, 71.21263, 164.4151
2018-12-27 00:00:00, , -30.514206, 2.3171692, -0.6836469, 10.0, 71.21263, 164.4151
2018-12-28 00:00:00, , -33.009033, 1.47085, -1.9986267, 10.0, 71.21263, 164.4151
2018-12-29 00:00:00, , -28.862518, 0.7487793, -3.3406944, 10.0, 71.21263, 164.4151
2018-12-30 00:00:00, , -26.85736, 1.1252607, -0.9329853, 10.0, 71.21263, 164.4151
2018-12-31 00:00:00, , -25.761276, -1.7047558, -3.138134, 10.0, 71.21263, 164.4151
