time, , AT_21, WU_422, WV_423, depth, latitude, longitude
, , AIR TEMPERATURE (C), WIND U (M/S)             , WIND V (M/S)             , , , 
time, , C, m s-1, m s-1, m, degree_north, degree_west
2016-01-01 00:00:00, , -0.72805786, -4.897449, 1.4218924, 10.0, 62.15635, 174.7038
2016-01-02 00:00:00, , -3.8745728, -5.703108, -10.021, 10.0, 62.15635, 174.7038
2016-01-03 00:00:00, , -11.792603, -0.26811278, -7.012168, 10.0, 62.15635, 174.7038
2016-01-04 00:00:00, , -8.395538, -1.7367535, -4.5747375, 10.0, 62.15635, 174.7038
2016-01-05 00:00:00, , -3.4499817, -1.1980762, -0.43743324, 10.0, 62.15635, 174.7038
2016-01-06 00:00:00, , -5.4969788, -0.16973877, 1.5671082, 10.0, 62.15635, 174.7038
2016-01-07 00:00:00, , -2.3020325, -11.834419, -0.91631126, 10.0, 62.15635, 174.7038
2016-01-08 00:00:00, , -2.1942444, -6.953581, 0.43389702, 10.0, 62.15635, 174.7038
2016-01-09 00:00:00, , -4.380249, -4.707365, -3.7529945, 10.0, 62.15635, 174.7038
2016-01-10 00:00:00, , -3.2512207, -12.621788, -4.0258093, 10.0, 62.15635, 174.7038
2016-01-11 00:00:00, , -1.0988464, -7.2846603, 3.5311737, 10.0, 62.15635, 174.7038
2016-01-12 00:00:00, , -5.023651, 1.7597122, -5.6559296, 10.0, 62.15635, 174.7038
2016-01-13 00:00:00, , -8.640015, -0.026348114, -8.262293, 10.0, 62.15635, 174.7038
2016-01-14 00:00:00, , -9.899719, -2.352522, -6.616396, 10.0, 62.15635, 174.7038
2016-01-15 00:00:00, , -4.694397, -8.686533, -8.768141, 10.0, 62.15635, 174.7038
2016-01-16 00:00:00, , -10.350769, -6.060589, -7.430631, 10.0, 62.15635, 174.7038
2016-01-17 00:00:00, , -15.859283, -0.8907814, -9.1297455, 10.0, 62.15635, 174.7038
2016-01-18 00:00:00, , -15.54837, -2.2017899, -8.83456, 10.0, 62.15635, 174.7038
2016-01-19 00:00:00, , -18.223907, -1.9478493, -8.759457, 10.0, 62.15635, 174.7038
2016-01-20 00:00:00, , -19.054688, -2.213768, -7.8610573, 10.0, 62.15635, 174.7038
2016-01-21 00:00:00, , -16.918732, -1.9978027, -7.516446, 10.0, 62.15635, 174.7038
2016-01-22 00:00:00, , -13.876709, -2.8399591, -5.5630074, 10.0, 62.15635, 174.7038
2016-01-23 00:00:00, , -17.71109, -1.8006744, -5.0516396, 10.0, 62.15635, 174.7038
2016-01-24 00:00:00, , -24.188843, -2.0041752, -5.3824215, 10.0, 62.15635, 174.7038
2016-01-25 00:00:00, , -22.290482, -1.0329018, -7.3628497, 10.0, 62.15635, 174.7038
2016-01-26 00:00:00, , -15.704193, -0.6331948, -8.374144, 10.0, 62.15635, 174.7038
2016-01-27 00:00:00, , -14.45224, -3.4240475, -7.6732407, 10.0, 62.15635, 174.7038
2016-01-28 00:00:00, , -14.921356, -1.9983276, -7.3509216, 10.0, 62.15635, 174.7038
2016-01-29 00:00:00, , -16.713837, 0.71085405, -6.730027, 10.0, 62.15635, 174.7038
2016-01-30 00:00:00, , -15.014526, -2.1501887, -5.0580864, 10.0, 62.15635, 174.7038
2016-01-31 00:00:00, , -8.022614, -6.0238714, -3.269184, 10.0, 62.15635, 174.7038
2016-02-01 00:00:00, , -4.7171326, -4.012493, 1.6526852, 10.0, 62.15635, 174.7038
2016-02-02 00:00:00, , -6.130951, -2.430519, 0.7963613, 10.0, 62.15635, 174.7038
2016-02-03 00:00:00, , -5.82193, -2.5530567, -3.4104471, 10.0, 62.15635, 174.7038
2016-02-04 00:00:00, , -16.62976, -1.8174915, -5.199274, 10.0, 62.15635, 174.7038
2016-02-05 00:00:00, , -17.123444, -1.1133385, -4.7944927, 10.0, 62.15635, 174.7038
2016-02-06 00:00:00, , -15.177155, -1.907938, -3.0209713, 10.0, 62.15635, 174.7038
2016-02-07 00:00:00, , -14.14682, -0.7868786, -2.58317, 10.0, 62.15635, 174.7038
2016-02-08 00:00:00, , -9.931488, 0.72062874, -3.039711, 10.0, 62.15635, 174.7038
2016-02-09 00:00:00, , -13.235413, -0.5146904, -4.3684616, 10.0, 62.15635, 174.7038
2016-02-10 00:00:00, , -7.3906555, -3.5191479, -2.0902958, 10.0, 62.15635, 174.7038
2016-02-11 00:00:00, , -13.948425, -2.7029896, -3.3617535, 10.0, 62.15635, 174.7038
2016-02-12 00:00:00, , -18.589096, -2.604179, -3.5153465, 10.0, 62.15635, 174.7038
2016-02-13 00:00:00, , -20.208893, -0.68985367, -3.5594902, 10.0, 62.15635, 174.7038
2016-02-14 00:00:00, , -20.577255, -0.8965043, -2.8604865, 10.0, 62.15635, 174.7038
2016-02-15 00:00:00, , -22.225174, -1.187273, -2.0320258, 10.0, 62.15635, 174.7038
2016-02-16 00:00:00, , -11.874176, -6.048647, 1.260771, 10.0, 62.15635, 174.7038
2016-02-17 00:00:00, , -3.6956482, -0.6810101, 2.0442333, 10.0, 62.15635, 174.7038
2016-02-18 00:00:00, , -10.4314575, 1.3011487, 3.1922245, 10.0, 62.15635, 174.7038
2016-02-19 00:00:00, , -6.780121, -4.938474, -1.2279606, 10.0, 62.15635, 174.7038
2016-02-20 00:00:00, , -10.541779, -2.206534, -3.1438122, 10.0, 62.15635, 174.7038
2016-02-21 00:00:00, , -19.448914, 0.3373661, -4.3125515, 10.0, 62.15635, 174.7038
2016-02-22 00:00:00, , -22.364609, 0.89092255, -2.5474606, 10.0, 62.15635, 174.7038
2016-02-23 00:00:00, , -20.641693, -0.06445885, -2.3905396, 10.0, 62.15635, 174.7038
2016-02-24 00:00:00, , -20.326157, 1.0382557, -4.350923, 10.0, 62.15635, 174.7038
2016-02-25 00:00:00, , -18.83812, 1.8783015, -4.6277447, 10.0, 62.15635, 174.7038
2016-02-26 00:00:00, , -11.84668, -2.0153794, -5.192671, 10.0, 62.15635, 174.7038
2016-02-27 00:00:00, , -10.0069275, -4.499672, -5.972271, 10.0, 62.15635, 174.7038
2016-02-28 00:00:00, , -13.296234, -2.684351, -6.224945, 10.0, 62.15635, 174.7038
2016-02-29 00:00:00, , -14.074554, -1.5432968, -6.507908, 10.0, 62.15635, 174.7038
2016-03-01 00:00:00, , -12.65741, -3.0105667, -3.6048017, 10.0, 62.15635, 174.7038
2016-03-02 00:00:00, , -11.970245, -2.9240227, -4.391615, 10.0, 62.15635, 174.7038
2016-03-03 00:00:00, , -7.96167, -2.5796614, -2.007644, 10.0, 62.15635, 174.7038
2016-03-04 00:00:00, , -9.591736, -1.62664, -4.082991, 10.0, 62.15635, 174.7038
2016-03-05 00:00:00, , -15.661316, 1.1896788, -6.5533886, 10.0, 62.15635, 174.7038
2016-03-06 00:00:00, , -18.34259, 1.0115699, -5.58461, 10.0, 62.15635, 174.7038
2016-03-07 00:00:00, , -20.39421, 0.9029223, -4.273018, 10.0, 62.15635, 174.7038
2016-03-08 00:00:00, , -21.794128, 0.7756171, -3.1366005, 10.0, 62.15635, 174.7038
2016-03-09 00:00:00, , -22.47554, 0.49523282, -2.6334877, 10.0, 62.15635, 174.7038
2016-03-10 00:00:00, , -19.844452, -1.7116096, -4.074845, 10.0, 62.15635, 174.7038
2016-03-11 00:00:00, , -14.918396, 0.3945601, -4.6925898, 10.0, 62.15635, 174.7038
2016-03-12 00:00:00, , -12.993469, -0.8327061, -3.4028163, 10.0, 62.15635, 174.7038
2016-03-13 00:00:00, , -16.802551, -0.2673577, -3.329291, 10.0, 62.15635, 174.7038
2016-03-14 00:00:00, , -18.816956, -1.8587685, -4.312454, 10.0, 62.15635, 174.7038
2016-03-15 00:00:00, , -20.272125, -0.062641144, -3.4155216, 10.0, 62.15635, 174.7038
2016-03-16 00:00:00, , -20.165665, 0.11701012, -1.6784782, 10.0, 62.15635, 174.7038
2016-03-17 00:00:00, , -20.234024, -3.022955, -1.1194534, 10.0, 62.15635, 174.7038
2016-03-18 00:00:00, , -17.719086, -3.6974514, -3.1969433, 10.0, 62.15635, 174.7038
2016-03-19 00:00:00, , -18.911133, -1.8339928, -4.400362, 10.0, 62.15635, 174.7038
2016-03-20 00:00:00, , -19.946014, 0.93091774, -3.4154053, 10.0, 62.15635, 174.7038
2016-03-21 00:00:00, , -17.821259, 2.532404, -4.042883, 10.0, 62.15635, 174.7038
2016-03-22 00:00:00, , -15.029816, 1.6916007, -3.4702702, 10.0, 62.15635, 174.7038
2016-03-23 00:00:00, , -17.09201, 1.3559151, -3.1718864, 10.0, 62.15635, 174.7038
2016-03-24 00:00:00, , -18.059326, 0.8993256, -2.7107093, 10.0, 62.15635, 174.7038
2016-03-25 00:00:00, , -16.694672, 1.3364204, -3.1978416, 10.0, 62.15635, 174.7038
2016-03-26 00:00:00, , -17.491608, 1.4391384, -2.4271526, 10.0, 62.15635, 174.7038
2016-03-27 00:00:00, , -16.710663, -0.25345886, -2.1376724, 10.0, 62.15635, 174.7038
2016-03-28 00:00:00, , -16.387878, 0.13438988, -2.1868136, 10.0, 62.15635, 174.7038
2016-03-29 00:00:00, , -17.730316, 1.1109574, -2.7271733, 10.0, 62.15635, 174.7038
2016-03-30 00:00:00, , -16.49472, 0.8277199, -1.6239681, 10.0, 62.15635, 174.7038
2016-03-31 00:00:00, , -15.400848, -1.1474457, -5.5620937, 10.0, 62.15635, 174.7038
2016-04-01 00:00:00, , -16.411499, 0.53149605, -7.0377865, 10.0, 62.15635, 174.7038
2016-04-02 00:00:00, , -14.31958, 1.312922, -5.30527, 10.0, 62.15635, 174.7038
2016-04-03 00:00:00, , -15.198395, 0.7427921, -3.518507, 10.0, 62.15635, 174.7038
2016-04-04 00:00:00, , -14.922424, 1.4821696, -3.2434618, 10.0, 62.15635, 174.7038
2016-04-05 00:00:00, , -14.331512, 2.3593903, -2.218256, 10.0, 62.15635, 174.7038
2016-04-06 00:00:00, , -14.985016, 0.9350902, -0.8453903, 10.0, 62.15635, 174.7038
2016-04-07 00:00:00, , -11.616211, -1.8026009, -1.3550136, 10.0, 62.15635, 174.7038
2016-04-08 00:00:00, , -5.9079895, -1.1780949, -4.1579266, 10.0, 62.15635, 174.7038
2016-04-09 00:00:00, , -8.558502, -0.6486225, -5.191522, 10.0, 62.15635, 174.7038
2016-04-10 00:00:00, , -8.139099, -0.32519507, -4.8588448, 10.0, 62.15635, 174.7038
2016-04-11 00:00:00, , -4.6646423, -1.9750445, 0.22232795, 10.0, 62.15635, 174.7038
2016-04-12 00:00:00, , -2.867157, -2.6396823, -1.1637802, 10.0, 62.15635, 174.7038
2016-04-13 00:00:00, , -2.4501953, -1.6633079, -2.0997038, 10.0, 62.15635, 174.7038
2016-04-14 00:00:00, , -7.353058, -0.2731589, -3.9116898, 10.0, 62.15635, 174.7038
2016-04-15 00:00:00, , -9.428619, 2.9037075, -2.0632992, 10.0, 62.15635, 174.7038
2016-04-16 00:00:00, , -6.3078613, 2.3386822, -1.4837933, 10.0, 62.15635, 174.7038
2016-04-17 00:00:00, , -7.353363, -3.4156759, -2.029892, 10.0, 62.15635, 174.7038
2016-04-18 00:00:00, , -2.3148193, -5.8012586, -4.150362, 10.0, 62.15635, 174.7038
2016-04-19 00:00:00, , -1.3423462, -5.3518476, -3.7215643, 10.0, 62.15635, 174.7038
2016-04-20 00:00:00, , -0.62280273, -4.3601017, -3.394608, 10.0, 62.15635, 174.7038
2016-04-21 00:00:00, , -0.07070923, -4.126887, -2.9661946, 10.0, 62.15635, 174.7038
2016-04-22 00:00:00, , 0.050079346, -3.6918726, -2.8837514, 10.0, 62.15635, 174.7038
2016-04-23 00:00:00, , -3.2366638, -2.2587962, -5.304531, 10.0, 62.15635, 174.7038
2016-04-24 00:00:00, , -3.422882, -4.7365103, -5.725602, 10.0, 62.15635, 174.7038
2016-04-25 00:00:00, , -3.142212, -3.8126411, -5.817154, 10.0, 62.15635, 174.7038
2016-04-26 00:00:00, , -3.8323975, -3.0820408, -6.378393, 10.0, 62.15635, 174.7038
2016-04-27 00:00:00, , -1.9505615, -6.895876, -7.8178864, 10.0, 62.15635, 174.7038
2016-04-28 00:00:00, , -1.5152893, -3.8721046, -6.841028, 10.0, 62.15635, 174.7038
2016-04-29 00:00:00, , -1.4813232, -0.019765854, -5.561725, 10.0, 62.15635, 174.7038
2016-04-30 00:00:00, , -1.6266785, 1.5437336, -5.6559124, 10.0, 62.15635, 174.7038
2016-05-01 00:00:00, , -1.5396423, 0.66171443, -4.415082, 10.0, 62.15635, 174.7038
2016-05-02 00:00:00, , -1.4424438, -2.8035996, -4.4865627, 10.0, 62.15635, 174.7038
2016-05-03 00:00:00, , -1.5826416, -3.4911227, -5.0226583, 10.0, 62.15635, 174.7038
2016-05-04 00:00:00, , -1.5128479, 0.4162873, -4.815718, 10.0, 62.15635, 174.7038
2016-05-05 00:00:00, , -1.7001038, 3.6596985, -4.937042, 10.0, 62.15635, 174.7038
2016-05-06 00:00:00, , -1.93927, 0.9590931, -2.9383163, 10.0, 62.15635, 174.7038
2016-05-07 00:00:00, , -1.4299927, -5.5534716, -1.4129753, 10.0, 62.15635, 174.7038
2016-05-08 00:00:00, , -1.2637329, -6.382053, -1.0195618, 10.0, 62.15635, 174.7038
2016-05-09 00:00:00, , -1.0487976, -5.759473, 3.0115292, 10.0, 62.15635, 174.7038
2016-05-10 00:00:00, , -1.0525513, -7.2533283, 5.0235376, 10.0, 62.15635, 174.7038
2016-05-11 00:00:00, , -1.0019531, -4.357716, 3.1837516, 10.0, 62.15635, 174.7038
2016-05-12 00:00:00, , -1.0863647, -2.943652, 1.7492346, 10.0, 62.15635, 174.7038
2016-05-13 00:00:00, , -0.7562866, -2.0642934, 0.9273331, 10.0, 62.15635, 174.7038
2016-05-14 00:00:00, , -0.10266113, -0.62292886, -1.779127, 10.0, 62.15635, 174.7038
2016-05-15 00:00:00, , -1.2319336, 2.342354, -3.6354594, 10.0, 62.15635, 174.7038
2016-05-16 00:00:00, , -1.0258484, 4.3619556, -4.106623, 10.0, 62.15635, 174.7038
2016-05-17 00:00:00, , -0.99935913, 2.9674056, -3.1359186, 10.0, 62.15635, 174.7038
2016-05-18 00:00:00, , -0.8598633, 2.0341952, -2.8538473, 10.0, 62.15635, 174.7038
2016-05-19 00:00:00, , -0.8465271, -3.6588256, -1.6836017, 10.0, 62.15635, 174.7038
2016-05-20 00:00:00, , -0.6944885, -3.649059, -1.653076, 10.0, 62.15635, 174.7038
2016-05-21 00:00:00, , -0.19363403, 0.71353567, -0.014284968, 10.0, 62.15635, 174.7038
2016-05-22 00:00:00, , -0.34555054, 2.70477, 3.2574506, 10.0, 62.15635, 174.7038
2016-05-23 00:00:00, , -0.12786865, 0.9959954, 6.9044657, 10.0, 62.15635, 174.7038
2016-05-24 00:00:00, , -0.2722473, 2.3118196, 6.4621778, 10.0, 62.15635, 174.7038
2016-05-25 00:00:00, , -0.021514893, -1.8124849, 6.490156, 10.0, 62.15635, 174.7038
2016-05-26 00:00:00, , -0.12496948, -2.629478, 6.212459, 10.0, 62.15635, 174.7038
2016-05-27 00:00:00, , -0.12866211, -5.6702275, 3.5251174, 10.0, 62.15635, 174.7038
2016-05-28 00:00:00, , 0.0009460449, -3.9868054, -0.3206222, 10.0, 62.15635, 174.7038
2016-05-29 00:00:00, , 0.40982056, -3.1848462, 2.9501019, 10.0, 62.15635, 174.7038
2016-05-30 00:00:00, , 1.2535706, -2.3477626, -3.225853, 10.0, 62.15635, 174.7038
2016-05-31 00:00:00, , 1.6653137, -6.9571486, -2.6897953, 10.0, 62.15635, 174.7038
2016-06-01 00:00:00, , 2.4386597, -0.58375454, -5.765329, 10.0, 62.15635, 174.7038
2016-06-02 00:00:00, , 2.6148071, 0.26055908, -6.473324, 10.0, 62.15635, 174.7038
2016-06-03 00:00:00, , 2.2142944, 1.0064719, -3.2209115, 10.0, 62.15635, 174.7038
2016-06-04 00:00:00, , 2.5473022, 0.01774621, -3.5136921, 10.0, 62.15635, 174.7038
2016-06-05 00:00:00, , 2.9586182, -2.0717883, -1.7659247, 10.0, 62.15635, 174.7038
2016-06-06 00:00:00, , 4.0119934, 0.49122655, -1.6883559, 10.0, 62.15635, 174.7038
2016-06-07 00:00:00, , 3.934784, 4.4801188, 1.2689669, 10.0, 62.15635, 174.7038
2016-06-08 00:00:00, , 3.8789978, -3.5836558, -3.0778656, 10.0, 62.15635, 174.7038
2016-06-09 00:00:00, , 2.1932983, -8.754297, -8.528587, 10.0, 62.15635, 174.7038
2016-06-10 00:00:00, , 3.1839294, -4.662099, -8.001472, 10.0, 62.15635, 174.7038
2016-06-11 00:00:00, , 4.314728, -4.0800805, 0.49252963, 10.0, 62.15635, 174.7038
2016-06-12 00:00:00, , 4.663727, 3.1294513, 4.102566, 10.0, 62.15635, 174.7038
2016-06-13 00:00:00, , 4.777008, 7.6115174, 7.3336854, 10.0, 62.15635, 174.7038
2016-06-14 00:00:00, , 5.225891, 5.2927146, 5.5381694, 10.0, 62.15635, 174.7038
2016-06-15 00:00:00, , 5.0560913, -2.5428681, 2.5594842, 10.0, 62.15635, 174.7038
2016-06-16 00:00:00, , 5.092041, -5.0504055, 1.707068, 10.0, 62.15635, 174.7038
2016-06-17 00:00:00, , 4.8316956, 3.3492694, -1.1574829, 10.0, 62.15635, 174.7038
2016-06-18 00:00:00, , 5.061554, 4.8141212, 9.055105, 10.0, 62.15635, 174.7038
2016-06-19 00:00:00, , 5.048889, -2.149015, 4.1848564, 10.0, 62.15635, 174.7038
2016-06-20 00:00:00, , 5.2861633, 0.18141508, 4.0229673, 10.0, 62.15635, 174.7038
2016-06-21 00:00:00, , 5.6355286, 2.1582377, 6.6904078, 10.0, 62.15635, 174.7038
2016-06-22 00:00:00, , 5.490967, -4.4255104, 3.4309201, 10.0, 62.15635, 174.7038
2016-06-23 00:00:00, , 5.6199036, 0.6226827, 1.4885471, 10.0, 62.15635, 174.7038
2016-06-24 00:00:00, , 6.1853333, 0.87102664, -1.2272208, 10.0, 62.15635, 174.7038
2016-06-25 00:00:00, , 6.591034, 1.502478, 4.1195016, 10.0, 62.15635, 174.7038
2016-06-26 00:00:00, , 6.4909363, 4.063141, 4.6475697, 10.0, 62.15635, 174.7038
2016-06-27 00:00:00, , 6.571747, 4.103447, 1.6217494, 10.0, 62.15635, 174.7038
2016-06-28 00:00:00, , 6.8992615, -1.7771175, 3.3079655, 10.0, 62.15635, 174.7038
2016-06-29 00:00:00, , 6.8979797, -5.221338, 3.6677222, 10.0, 62.15635, 174.7038
2016-06-30 00:00:00, , 7.1697083, -4.4344273, 2.7980814, 10.0, 62.15635, 174.7038
2016-07-01 00:00:00, , 7.6168213, -2.4316914, -1.2918619, 10.0, 62.15635, 174.7038
2016-07-02 00:00:00, , 7.3439026, 3.285711, -0.9817139, 10.0, 62.15635, 174.7038
2016-07-03 00:00:00, , 7.2083435, 6.7946496, 3.2944622, 10.0, 62.15635, 174.7038
2016-07-04 00:00:00, , 7.527893, 2.8663085, 6.125227, 10.0, 62.15635, 174.7038
2016-07-05 00:00:00, , 7.623291, -1.2136326, 0.027010322, 10.0, 62.15635, 174.7038
2016-07-06 00:00:00, , 7.934021, 2.2897396, -0.8913455, 10.0, 62.15635, 174.7038
2016-07-07 00:00:00, , 7.892914, 2.2546144, 8.432987, 10.0, 62.15635, 174.7038
2016-07-08 00:00:00, , 8.038605, 1.4114685, 6.9868135, 10.0, 62.15635, 174.7038
2016-07-09 00:00:00, , 8.371765, 2.19146, 5.9872866, 10.0, 62.15635, 174.7038
2016-07-10 00:00:00, , 8.938477, 6.2324324, 2.8158073, 10.0, 62.15635, 174.7038
2016-07-11 00:00:00, , 8.911346, 5.152499, 6.7463293, 10.0, 62.15635, 174.7038
2016-07-12 00:00:00, , 9.195679, 3.0864277, 4.3505435, 10.0, 62.15635, 174.7038
2016-07-13 00:00:00, , 9.531036, 1.3724099, 3.6280298, 10.0, 62.15635, 174.7038
2016-07-14 00:00:00, , 9.68457, 2.7865052, 5.7513695, 10.0, 62.15635, 174.7038
2016-07-15 00:00:00, , 9.726593, 4.0487795, 5.5085354, 10.0, 62.15635, 174.7038
2016-07-16 00:00:00, , 9.645874, 1.9235332, 3.8501635, 10.0, 62.15635, 174.7038
2016-07-17 00:00:00, , 9.707916, 4.059185, 6.1065764, 10.0, 62.15635, 174.7038
2016-07-18 00:00:00, , 9.5963745, 6.008361, 7.5720253, 10.0, 62.15635, 174.7038
2016-07-19 00:00:00, , 9.406952, 6.109516, 6.319444, 10.0, 62.15635, 174.7038
2016-07-20 00:00:00, , 9.628204, -1.0688602, 3.9972239, 10.0, 62.15635, 174.7038
2016-07-21 00:00:00, , 9.5513, 2.7623677, 3.3276424, 10.0, 62.15635, 174.7038
2016-07-22 00:00:00, , 9.239624, 3.4464173, 1.2615857, 10.0, 62.15635, 174.7038
2016-07-23 00:00:00, , 9.41275, 5.200012, 2.2758367, 10.0, 62.15635, 174.7038
2016-07-24 00:00:00, , 9.8619995, 0.17722034, -1.2882776, 10.0, 62.15635, 174.7038
2016-07-25 00:00:00, , 9.810577, 2.679566, -0.52235615, 10.0, 62.15635, 174.7038
2016-07-26 00:00:00, , 9.840485, 3.4568896, -0.43602037, 10.0, 62.15635, 174.7038
2016-07-27 00:00:00, , 10.198639, 2.707552, 0.53064156, 10.0, 62.15635, 174.7038
2016-07-28 00:00:00, , 10.343018, 3.5707068, 1.15525, 10.0, 62.15635, 174.7038
2016-07-29 00:00:00, , 10.100037, 1.64211, 4.735449, 10.0, 62.15635, 174.7038
2016-07-30 00:00:00, , 8.966888, -3.743607, -6.321433, 10.0, 62.15635, 174.7038
2016-07-31 00:00:00, , 8.214386, 2.2825813, -4.3541512, 10.0, 62.15635, 174.7038
2016-08-01 00:00:00, , 9.167206, 6.117969, 4.8949776, 10.0, 62.15635, 174.7038
2016-08-02 00:00:00, , 9.780243, 5.9837756, 4.0604906, 10.0, 62.15635, 174.7038
2016-08-03 00:00:00, , 9.607819, -4.7751265, -0.7864708, 10.0, 62.15635, 174.7038
2016-08-04 00:00:00, , 9.32962, -5.553564, -2.5149264, 10.0, 62.15635, 174.7038
2016-08-05 00:00:00, , 9.450073, -3.0577826, -6.4006596, 10.0, 62.15635, 174.7038
2016-08-06 00:00:00, , 9.991913, -3.1954424, -7.3663697, 10.0, 62.15635, 174.7038
2016-08-07 00:00:00, , 10.362091, -2.0426881, -2.968382, 10.0, 62.15635, 174.7038
2016-08-08 00:00:00, , 10.431793, 2.2153468, -0.25350523, 10.0, 62.15635, 174.7038
2016-08-09 00:00:00, , 10.347717, 0.03743899, -1.7845306, 10.0, 62.15635, 174.7038
2016-08-10 00:00:00, , 10.401245, -1.6688637, -1.1378478, 10.0, 62.15635, 174.7038
2016-08-11 00:00:00, , 10.227081, -1.8062491, -1.0983843, 10.0, 62.15635, 174.7038
2016-08-12 00:00:00, , 9.768341, -4.1299567, -3.6284683, 10.0, 62.15635, 174.7038
2016-08-13 00:00:00, , 10.299713, 1.3481916, -4.921788, 10.0, 62.15635, 174.7038
2016-08-14 00:00:00, , 10.247406, 3.6898694, -1.506794, 10.0, 62.15635, 174.7038
2016-08-15 00:00:00, , 10.787598, 0.33531523, -4.1226234, 10.0, 62.15635, 174.7038
2016-08-16 00:00:00, , 10.131073, -0.106668115, -5.3744555, 10.0, 62.15635, 174.7038
2016-08-17 00:00:00, , 10.83017, 1.0363135, 0.53816915, 10.0, 62.15635, 174.7038
2016-08-18 00:00:00, , 10.847839, 4.620341, 6.019428, 10.0, 62.15635, 174.7038
2016-08-19 00:00:00, , 11.2777405, 4.097074, 8.364173, 10.0, 62.15635, 174.7038
2016-08-20 00:00:00, , 11.493347, 3.364509, 5.688838, 10.0, 62.15635, 174.7038
2016-08-21 00:00:00, , 11.434021, 2.4658525, -0.62257874, 10.0, 62.15635, 174.7038
2016-08-22 00:00:00, , 9.555817, -4.4568467, -8.452171, 10.0, 62.15635, 174.7038
2016-08-23 00:00:00, , 8.395233, 0.1279484, -10.491787, 10.0, 62.15635, 174.7038
2016-08-24 00:00:00, , 9.697571, 2.0810182, 0.8061677, 10.0, 62.15635, 174.7038
2016-08-25 00:00:00, , 9.781555, -2.4454138, 9.513736, 10.0, 62.15635, 174.7038
2016-08-26 00:00:00, , 10.650604, -3.463344, 6.4670258, 10.0, 62.15635, 174.7038
2016-08-27 00:00:00, , 10.619995, -1.338616, 5.7685833, 10.0, 62.15635, 174.7038
2016-08-28 00:00:00, , 10.73288, -0.7929652, 2.751007, 10.0, 62.15635, 174.7038
2016-08-29 00:00:00, , 10.386658, -3.265746, -0.6753731, 10.0, 62.15635, 174.7038
2016-08-30 00:00:00, , 10.28421, -4.5928903, -0.18301654, 10.0, 62.15635, 174.7038
2016-08-31 00:00:00, , 10.729889, -4.820799, -5.372702, 10.0, 62.15635, 174.7038
2016-09-01 03:00:00, , 10.616486, -6.9936543, -5.8016367, 10.0, 62.15635, 174.7038
2016-09-02 03:00:00, , 9.718811, -7.9090476, -5.930025, 10.0, 62.15635, 174.7038
2016-09-03 03:00:00, , 10.5798645, -7.3198266, -5.9451237, 10.0, 62.15635, 174.7038
2016-09-04 03:00:00, , 10.813446, -7.180641, -6.7771053, 10.0, 62.15635, 174.7038
2016-09-05 03:00:00, , 10.31839, -6.525578, -8.562836, 10.0, 62.15635, 174.7038
2016-09-06 03:00:00, , 8.131836, -4.1634293, -9.763295, 10.0, 62.15635, 174.7038
2016-09-07 03:00:00, , 8.286591, -0.5138104, -6.8828287, 10.0, 62.15635, 174.7038
2016-09-08 03:00:00, , 9.899597, 1.9400414, -2.7963195, 10.0, 62.15635, 174.7038
2016-09-09 00:00:00, , 9.274506, 4.927412, 0.0448761, 10.0, 62.15635, 174.7038
2016-09-10 00:00:00, , 8.41629, 4.0205555, 2.9231663, 10.0, 62.15635, 174.7038
2016-09-11 00:00:00, , 6.8459167, -2.7238445, 0.31028366, 10.0, 62.15635, 174.7038
2016-09-12 00:00:00, , 7.7364807, 0.9729247, -4.1893253, 10.0, 62.15635, 174.7038
2016-09-13 00:00:00, , 8.054321, -2.4515781, -2.4283893, 10.0, 62.15635, 174.7038
2016-09-14 00:00:00, , 6.261902, -9.816729, -7.1499233, 10.0, 62.15635, 174.7038
2016-09-15 00:00:00, , 5.6496887, -6.986916, -11.930296, 10.0, 62.15635, 174.7038
2016-09-16 00:00:00, , 6.5438538, 1.8137021, -9.849817, 10.0, 62.15635, 174.7038
2016-09-17 00:00:00, , 8.473175, 6.7999773, -3.3863292, 10.0, 62.15635, 174.7038
2016-09-18 00:00:00, , 8.668854, 1.2568781, 4.0598755, 10.0, 62.15635, 174.7038
2016-09-19 00:00:00, , 9.4765625, -3.2573953, 9.940723, 10.0, 62.15635, 174.7038
2016-09-20 00:00:00, , 9.06308, -2.8247938, 6.95604, 10.0, 62.15635, 174.7038
2016-09-21 00:00:00, , 8.09729, -2.8899803, 0.45672262, 10.0, 62.15635, 174.7038
2016-09-22 00:00:00, , 8.016083, -2.025855, -6.837736, 10.0, 62.15635, 174.7038
2016-09-23 00:00:00, , 7.062042, 3.8150346, -5.3966727, 10.0, 62.15635, 174.7038
2016-09-24 00:00:00, , 6.439514, 4.962186, -5.5145206, 10.0, 62.15635, 174.7038
2016-09-25 00:00:00, , 7.9065247, 2.373485, 5.9931602, 10.0, 62.15635, 174.7038
2016-09-26 00:00:00, , 8.1604, -2.2195296, -2.596557, 10.0, 62.15635, 174.7038
2016-09-27 00:00:00, , 7.622589, -1.4336548, 10.487359, 10.0, 62.15635, 174.7038
2016-09-28 00:00:00, , 8.773468, 7.4285345, 7.942197, 10.0, 62.15635, 174.7038
2016-09-29 00:00:00, , 8.604492, -3.369796, 9.341682, 10.0, 62.15635, 174.7038
2016-09-30 00:00:00, , 8.691956, -8.056598, 10.164169, 10.0, 62.15635, 174.7038
2016-10-01 00:00:00, , 8.430145, -9.056284, 2.1870804, 10.0, 62.15635, 174.7038
2016-10-02 00:00:00, , 7.739929, 6.984974, 6.5879364, 10.0, 62.15635, 174.7038
2016-10-03 00:00:00, , 6.665497, 2.0601177, 5.7004623, 10.0, 62.15635, 174.7038
2016-10-04 00:00:00, , 7.869568, -9.96974, 5.6568155, 10.0, 62.15635, 174.7038
2016-10-05 00:00:00, , 7.89859, -11.412565, 3.3092098, 10.0, 62.15635, 174.7038
2016-10-06 00:00:00, , 8.148712, -14.541225, 6.5111923, 10.0, 62.15635, 174.7038
2016-10-07 00:00:00, , 8.395996, -12.930014, 7.9572034, 10.0, 62.15635, 174.7038
2016-10-08 00:00:00, , 8.298187, -14.395823, 3.4635334, 10.0, 62.15635, 174.7038
2016-10-09 00:00:00, , 7.6948853, -9.5748415, 5.9937534, 10.0, 62.15635, 174.7038
2016-10-10 00:00:00, , 7.7517395, -6.023905, 6.0847664, 10.0, 62.15635, 174.7038
2016-10-11 00:00:00, , 7.4808655, -8.149593, -4.345417, 10.0, 62.15635, 174.7038
2016-10-12 00:00:00, , 7.7418213, -8.103062, -3.704174, 10.0, 62.15635, 174.7038
2016-10-13 00:00:00, , 7.67395, -6.0684714, -3.350996, 10.0, 62.15635, 174.7038
2016-10-14 00:00:00, , 6.9667053, -4.731934, -1.9949737, 10.0, 62.15635, 174.7038
2016-10-15 00:00:00, , 5.864044, -2.9181938, -3.2209911, 10.0, 62.15635, 174.7038
2016-10-16 00:00:00, , 6.156769, -4.644953, -2.1981564, 10.0, 62.15635, 174.7038
2016-10-17 00:00:00, , 4.499115, -5.351659, -4.6354923, 10.0, 62.15635, 174.7038
2016-10-18 00:00:00, , 3.142212, -0.9512383, -6.8379154, 10.0, 62.15635, 174.7038
2016-10-19 00:00:00, , 3.3806763, 3.8917732, -2.803051, 10.0, 62.15635, 174.7038
2016-10-20 00:00:00, , 3.6687927, 0.5319314, -7.2915006, 10.0, 62.15635, 174.7038
2016-10-21 00:00:00, , 2.929535, 0.64995575, -6.0806637, 10.0, 62.15635, 174.7038
2016-10-22 00:00:00, , 3.340454, -2.5841675, 2.8102627, 10.0, 62.15635, 174.7038
2016-10-23 00:00:00, , 6.482849, -11.412779, 9.108896, 10.0, 62.15635, 174.7038
2016-10-24 00:00:00, , 7.1964417, -3.859375, 9.346231, 10.0, 62.15635, 174.7038
2016-10-25 03:00:00, , 6.474365, -4.704941, 13.5601425, 10.0, 62.15635, 174.7038
2016-10-26 03:00:00, , 6.017761, 2.221698, 12.448412, 10.0, 62.15635, 174.7038
2016-10-27 03:00:00, , 5.454071, 2.1240315, 7.5730114, 10.0, 62.15635, 174.7038
2016-10-28 03:00:00, , 5.400696, -12.231684, 4.572838, 10.0, 62.15635, 174.7038
2016-10-29 03:00:00, , 5.2314453, 2.0567322, 10.576027, 10.0, 62.15635, 174.7038
2016-10-30 03:00:00, , 5.4933777, -3.5580368, 10.309248, 10.0, 62.15635, 174.7038
2016-10-31 03:00:00, , 4.9059753, -9.941973, -4.3569508, 10.0, 62.15635, 174.7038
2016-11-01 00:00:00, , 5.1774597, -7.7316227, -2.31304, 10.0, 62.15635, 174.7038
2016-11-02 00:00:00, , 5.3337708, -4.8894234, 1.9644934, 10.0, 62.15635, 174.7038
2016-11-03 00:00:00, , 4.821045, -2.2176683, 0.7777842, 10.0, 62.15635, 174.7038
2016-11-04 00:00:00, , 4.909027, -5.152647, -0.7348039, 10.0, 62.15635, 174.7038
2016-11-05 00:00:00, , 2.7172852, -2.5770755, -8.36206, 10.0, 62.15635, 174.7038
2016-11-06 00:00:00, , 1.4720154, 0.1327591, -10.258911, 10.0, 62.15635, 174.7038
2016-11-07 00:00:00, , 0.51000977, -2.7921848, -5.551981, 10.0, 62.15635, 174.7038
2016-11-08 00:00:00, , 1.2015076, -6.8455353, -10.5576725, 10.0, 62.15635, 174.7038
2016-11-09 00:00:00, , 0.8945923, 0.058546066, -9.6621685, 10.0, 62.15635, 174.7038
2016-11-10 00:00:00, , 0.44631958, -0.33547592, -10.320971, 10.0, 62.15635, 174.7038
2016-11-11 00:00:00, , -0.01763916, -0.10444641, -12.317767, 10.0, 62.15635, 174.7038
2016-11-12 00:00:00, , 0.15985107, -1.294617, -14.972807, 10.0, 62.15635, 174.7038
2016-11-13 00:00:00, , -2.0275574, 2.8145678, -11.216761, 10.0, 62.15635, 174.7038
2016-11-14 00:00:00, , -3.5486755, 7.123598, -3.6012173, 10.0, 62.15635, 174.7038
2016-11-15 00:00:00, , -2.6753845, 4.0167665, 1.3013458, 10.0, 62.15635, 174.7038
2016-11-16 00:00:00, , 1.6504211, -0.6619034, -5.9615765, 10.0, 62.15635, 174.7038
2016-11-17 00:00:00, , 4.121063, -7.053887, 10.884003, 10.0, 62.15635, 174.7038
2016-11-18 00:00:00, , 4.3835144, -3.0037904, 7.3925037, 10.0, 62.15635, 174.7038
2016-11-19 00:00:00, , 2.519165, 2.5939717, 1.2544804, 10.0, 62.15635, 174.7038
2016-11-20 00:00:00, , 1.5316162, 1.7942159, -4.4287148, 10.0, 62.15635, 174.7038
2016-11-21 00:00:00, , 0.5619812, 3.7302647, -2.556408, 10.0, 62.15635, 174.7038
2016-11-22 00:00:00, , 0.4567871, -9.169393, -1.9693279, 10.0, 62.15635, 174.7038
2016-11-23 00:00:00, , -1.0987854, -3.7797623, -5.007265, 10.0, 62.15635, 174.7038
2016-11-24 00:00:00, , 0.28378296, -8.003668, 1.556366, 10.0, 62.15635, 174.7038
2016-11-25 03:00:00, , 2.0403748, -6.6919045, -0.65338516, 10.0, 62.15635, 174.7038
2016-11-26 03:00:00, , -1.3590393, -9.699524, -6.8270607, 10.0, 62.15635, 174.7038
2016-11-27 03:00:00, , -2.8210754, -5.3991756, -7.216719, 10.0, 62.15635, 174.7038
2016-11-28 03:00:00, , -2.501007, -2.662239, -5.4118314, 10.0, 62.15635, 174.7038
2016-11-29 03:00:00, , -2.4560852, -4.3428936, -0.9623985, 10.0, 62.15635, 174.7038
2016-11-30 03:00:00, , -2.235321, -4.7406034, 6.5057564, 10.0, 62.15635, 174.7038
2016-12-01 00:00:00, , -3.581543, 1.1700077, -4.000866, 10.0, 62.15635, 174.7038
2016-12-02 00:00:00, , -5.583557, 1.066246, -4.258019, 10.0, 62.15635, 174.7038
2016-12-03 00:00:00, , -0.8869324, -9.232525, 1.5251274, 10.0, 62.15635, 174.7038
2016-12-04 00:00:00, , 1.4100647, -16.271942, 7.7802963, 10.0, 62.15635, 174.7038
2016-12-05 00:00:00, , 2.2757263, -10.107633, 5.8584366, 10.0, 62.15635, 174.7038
2016-12-06 00:00:00, , 1.735321, 1.4168262, -0.32333374, 10.0, 62.15635, 174.7038
2016-12-07 00:00:00, , -1.287262, -4.692848, 2.1871738, 10.0, 62.15635, 174.7038
2016-12-08 00:00:00, , -2.7344666, -5.5429993, 2.9288545, 10.0, 62.15635, 174.7038
2016-12-09 00:00:00, , -2.9649048, -3.952076, -1.3867111, 10.0, 62.15635, 174.7038
2016-12-10 00:00:00, , -2.6066895, -3.2445297, -4.173397, 10.0, 62.15635, 174.7038
2016-12-11 00:00:00, , -2.0186768, -4.9657726, -1.2668171, 10.0, 62.15635, 174.7038
2016-12-12 00:00:00, , 0.64297485, -7.0812225, 1.8007069, 10.0, 62.15635, 174.7038
2016-12-13 00:00:00, , 2.0267334, -9.47739, -1.8974781, 10.0, 62.15635, 174.7038
2016-12-14 00:00:00, , 2.589508, -11.051989, 5.391815, 10.0, 62.15635, 174.7038
2016-12-15 00:00:00, , 2.9103394, -6.4108276, 11.565052, 10.0, 62.15635, 174.7038
2016-12-16 00:00:00, , 2.5367126, -14.589653, 7.836397, 10.0, 62.15635, 174.7038
2016-12-17 00:00:00, , 3.0570068, -4.530059, 10.0591755, 10.0, 62.15635, 174.7038
2016-12-18 00:00:00, , 1.9350586, -5.873247, 2.0531697, 10.0, 62.15635, 174.7038
2016-12-19 00:00:00, , 1.016449, -4.9738765, -6.093382, 10.0, 62.15635, 174.7038
2016-12-20 00:00:00, , -0.7026062, 0.30155325, -7.971529, 10.0, 62.15635, 174.7038
2016-12-21 00:00:00, , -3.2688599, 3.1101103, -3.2523708, 10.0, 62.15635, 174.7038
2016-12-22 00:00:00, , -0.25558472, -2.5469794, -3.7929478, 10.0, 62.15635, 174.7038
2016-12-23 00:00:00, , -0.3762207, -3.5259094, -2.5593426, 10.0, 62.15635, 174.7038
2016-12-24 00:00:00, , 1.1773071, -12.214951, -3.435875, 10.0, 62.15635, 174.7038
2016-12-25 00:00:00, , 0.73361206, -14.668978, -7.9967003, 10.0, 62.15635, 174.7038
2016-12-26 00:00:00, , -0.53125, -11.553091, -9.915365, 10.0, 62.15635, 174.7038
2016-12-27 00:00:00, , -5.1488953, -2.2360544, -11.054799, 10.0, 62.15635, 174.7038
2016-12-28 00:00:00, , -6.1448975, -3.3182468, -4.587311, 10.0, 62.15635, 174.7038
2016-12-29 00:00:00, , 1.5870972, -3.4658394, 10.164175, 10.0, 62.15635, 174.7038
2016-12-30 00:00:00, , 1.3940125, 11.391976, 10.546371, 10.0, 62.15635, 174.7038
2016-12-31 00:00:00, , 2.6897888, -2.6441765, 11.605518, 10.0, 62.15635, 174.7038
2017-01-01 00:00:00, , 2.1044617, -0.55337846, 16.849232, 10.0, 62.15635, 174.7038
2017-01-02 00:00:00, , 2.1975403, 0.70656836, 10.034184, 10.0, 62.15635, 174.7038
2017-01-03 00:00:00, , 1.8675842, 4.1836586, 7.5021677, 10.0, 62.15635, 174.7038
2017-01-04 00:00:00, , 2.4898376, 3.7283878, 10.899309, 10.0, 62.15635, 174.7038
2017-01-05 00:00:00, , 1.792572, 2.9683228, 3.664688, 10.0, 62.15635, 174.7038
2017-01-06 00:00:00, , 1.8685913, -4.0740757, 9.187798, 10.0, 62.15635, 174.7038
2017-01-07 00:00:00, , 1.4566956, -1.9938812, 8.23781, 10.0, 62.15635, 174.7038
2017-01-08 00:00:00, , 1.3482971, -6.2194557, 6.5829315, 10.0, 62.15635, 174.7038
2017-01-09 00:00:00, , 2.1917114, -4.93412, 5.123501, 10.0, 62.15635, 174.7038
2017-01-10 00:00:00, , 1.4285278, 2.4225883, 0.32275963, 10.0, 62.15635, 174.7038
2017-01-11 00:00:00, , 0.504303, 1.7252331, -2.986971, 10.0, 62.15635, 174.7038
2017-01-12 00:00:00, , -2.775116, -0.20332718, -8.6849, 10.0, 62.15635, 174.7038
2017-01-13 00:00:00, , -7.4833984, -2.8195229, -13.399025, 10.0, 62.15635, 174.7038
2017-01-14 00:00:00, , -7.9838257, -0.85188293, -13.195913, 10.0, 62.15635, 174.7038
2017-01-15 00:00:00, , -7.641083, -0.15689874, -11.729921, 10.0, 62.15635, 174.7038
2017-01-16 00:00:00, , -7.374115, 1.164813, -7.939351, 10.0, 62.15635, 174.7038
2017-01-17 00:00:00, , -8.633759, -0.23985064, -9.411774, 10.0, 62.15635, 174.7038
2017-01-18 00:00:00, , -9.85611, -4.9921637, -7.6151237, 10.0, 62.15635, 174.7038
2017-01-19 00:00:00, , -11.186707, -5.2330627, -8.742046, 10.0, 62.15635, 174.7038
2017-01-20 00:00:00, , -9.09967, -0.7821431, -7.542234, 10.0, 62.15635, 174.7038
2017-01-21 00:00:00, , -8.45105, 3.3078766, -4.761593, 10.0, 62.15635, 174.7038
2017-01-22 00:00:00, , -7.236664, -6.444412, -1.9729786, 10.0, 62.15635, 174.7038
2017-01-23 00:00:00, , -11.230072, -10.365501, -7.4297466, 10.0, 62.15635, 174.7038
2017-01-24 00:00:00, , -11.49646, -3.9052715, -11.100307, 10.0, 62.15635, 174.7038
2017-01-25 00:00:00, , -11.8414, -1.9728138, -11.523685, 10.0, 62.15635, 174.7038
2017-01-26 00:00:00, , -10.505463, 1.4530773, -10.379694, 10.0, 62.15635, 174.7038
2017-01-27 00:00:00, , -7.4853516, 5.0220394, -5.051879, 10.0, 62.15635, 174.7038
2017-01-28 00:00:00, , -6.3674316, 2.142477, -0.780123, 10.0, 62.15635, 174.7038
2017-01-29 00:00:00, , -5.70636, 0.049214125, -1.3349361, 10.0, 62.15635, 174.7038
2017-01-30 00:00:00, , -1.8680725, -6.5587654, 0.38389015, 10.0, 62.15635, 174.7038
2017-01-31 00:00:00, , -3.772522, 7.9593315, 2.7772026, 10.0, 62.15635, 174.7038
2017-02-01 00:00:00, , -0.52075195, -7.2280655, 7.5604496, 10.0, 62.15635, 174.7038
2017-02-02 00:00:00, , -0.23519897, -9.549303, 8.939966, 10.0, 62.15635, 174.7038
2017-02-03 00:00:00, , -1.9369812, -8.979874, 3.5109806, 10.0, 62.15635, 174.7038
2017-02-04 00:00:00, , -0.97128296, -7.825186, 1.8973961, 10.0, 62.15635, 174.7038
2017-02-05 00:00:00, , -3.3436584, -7.8040524, -2.0636082, 10.0, 62.15635, 174.7038
2017-02-06 00:00:00, , -4.6409607, -6.568014, -5.6781616, 10.0, 62.15635, 174.7038
2017-02-07 00:00:00, , -5.855316, -2.9788322, -6.221056, 10.0, 62.15635, 174.7038
2017-02-08 00:00:00, , -7.1132812, -5.357092, -6.497179, 10.0, 62.15635, 174.7038
2017-02-09 00:00:00, , -7.798401, -2.7146168, -7.6753387, 10.0, 62.15635, 174.7038
2017-02-10 00:00:00, , -12.667694, -3.903057, -6.438545, 10.0, 62.15635, 174.7038
2017-02-11 00:00:00, , -11.061279, -1.1967678, -3.544104, 10.0, 62.15635, 174.7038
2017-02-12 00:00:00, , -9.611511, -3.2383895, -4.265172, 10.0, 62.15635, 174.7038
2017-02-13 00:00:00, , -12.443939, -2.5974808, -6.18132, 10.0, 62.15635, 174.7038
2017-02-14 00:00:00, , -12.488983, -2.1130142, -10.538099, 10.0, 62.15635, 174.7038
2017-02-15 00:00:00, , -12.630646, -1.4235725, -11.284786, 10.0, 62.15635, 174.7038
2017-02-16 00:00:00, , -15.608582, -1.7606411, -9.575992, 10.0, 62.15635, 174.7038
2017-02-17 00:00:00, , -21.877365, 0.42575026, -4.356019, 10.0, 62.15635, 174.7038
2017-02-18 00:00:00, , -20.77504, 1.345171, -2.5964012, 10.0, 62.15635, 174.7038
2017-02-19 00:00:00, , -18.20227, 0.9341507, -1.5301973, 10.0, 62.15635, 174.7038
2017-02-20 00:00:00, , -21.506363, -1.344059, -1.541935, 10.0, 62.15635, 174.7038
2017-02-21 00:00:00, , -20.386246, -4.56629, -2.7883968, 10.0, 62.15635, 174.7038
2017-02-22 00:00:00, , -21.254211, -5.039772, -4.419119, 10.0, 62.15635, 174.7038
2017-02-23 00:00:00, , -13.28479, -5.9992943, -0.6984712, 10.0, 62.15635, 174.7038
2017-02-24 00:00:00, , -1.4211731, -0.63972044, 5.8014736, 10.0, 62.15635, 174.7038
2017-02-25 00:00:00, , 0.78167725, -2.0286236, 8.150068, 10.0, 62.15635, 174.7038
2017-02-26 00:00:00, , -2.5514832, 4.891636, 6.162382, 10.0, 62.15635, 174.7038
2017-02-27 00:00:00, , -9.831818, 5.497572, -1.0294404, 10.0, 62.15635, 174.7038
2017-02-28 00:00:00, , -16.103455, 1.5066814, -5.030925, 10.0, 62.15635, 174.7038
2017-03-01 00:00:00, , -16.060272, -1.0281029, -2.0821042, 10.0, 62.15635, 174.7038
2017-03-02 00:00:00, , -10.472046, 2.8475819, -0.9058591, 10.0, 62.15635, 174.7038
2017-03-03 00:00:00, , -9.597107, 2.8608704, 0.3017807, 10.0, 62.15635, 174.7038
2017-03-04 00:00:00, , -10.877472, -0.078531265, -1.6606731, 10.0, 62.15635, 174.7038
2017-03-05 00:00:00, , -13.247223, -3.6490784, -2.2692356, 10.0, 62.15635, 174.7038
2017-03-06 00:00:00, , -14.497437, -4.7485123, -2.0725918, 10.0, 62.15635, 174.7038
2017-03-07 00:00:00, , -14.3263855, -4.975999, 0.3332386, 10.0, 62.15635, 174.7038
2017-03-08 00:00:00, , -12.507843, -4.653734, 3.0567508, 10.0, 62.15635, 174.7038
2017-03-09 00:00:00, , -11.278503, -4.035213, 4.0284624, 10.0, 62.15635, 174.7038
2017-03-10 00:00:00, , -11.2717285, -1.9014263, 2.9672725, 10.0, 62.15635, 174.7038
2017-03-11 00:00:00, , -3.4554138, 0.95882034, 0.93234813, 10.0, 62.15635, 174.7038
2017-03-12 00:00:00, , -2.382721, 1.7450159, -1.8453331, 10.0, 62.15635, 174.7038
2017-03-13 00:00:00, , -4.965851, 2.462288, -1.0294094, 10.0, 62.15635, 174.7038
2017-03-14 00:00:00, , -4.6731873, 0.12082398, -0.43011737, 10.0, 62.15635, 174.7038
2017-03-15 00:00:00, , -6.3723145, -0.8426999, -0.43251777, 10.0, 62.15635, 174.7038
2017-03-16 00:00:00, , -5.957611, -2.0228558, 3.19426, 10.0, 62.15635, 174.7038
2017-03-17 00:00:00, , -2.8121948, -0.003686905, 2.3391228, 10.0, 62.15635, 174.7038
2017-03-18 00:00:00, , -4.418915, -0.2887317, -1.5668921, 10.0, 62.15635, 174.7038
2017-03-19 00:00:00, , -7.6177063, -3.1198258, -0.41091156, 10.0, 62.15635, 174.7038
2017-03-20 00:00:00, , -9.219086, -2.216086, -0.11547518, 10.0, 62.15635, 174.7038
2017-03-21 00:00:00, , -11.110077, -1.9964492, 0.55410016, 10.0, 62.15635, 174.7038
2017-03-22 00:00:00, , -14.209259, -1.4427478, -0.045083046, 10.0, 62.15635, 174.7038
2017-03-23 00:00:00, , -12.194733, -0.9895477, -0.70025826, 10.0, 62.15635, 174.7038
2017-03-24 00:00:00, , -9.738983, -2.24683, -0.69672585, 10.0, 62.15635, 174.7038
2017-03-25 00:00:00, , -12.277893, -2.757417, -1.8059555, 10.0, 62.15635, 174.7038
2017-03-26 00:00:00, , -12.995483, -2.4720533, -1.8942442, 10.0, 62.15635, 174.7038
2017-03-27 00:00:00, , -13.892761, -0.9109802, -2.67033, 10.0, 62.15635, 174.7038
2017-03-28 00:00:00, , -15.047211, 0.6410086, -2.682806, 10.0, 62.15635, 174.7038
2017-03-29 00:00:00, , -15.625183, 0.45918274, -2.3239467, 10.0, 62.15635, 174.7038
2017-03-30 00:00:00, , -15.229797, -0.93825436, -3.444093, 10.0, 62.15635, 174.7038
2017-03-31 00:00:00, , -11.976685, 1.0671452, -3.947029, 10.0, 62.15635, 174.7038
2017-04-01 00:00:00, , -11.983856, 3.2751608, -1.7527046, 10.0, 62.15635, 174.7038
2017-04-02 00:00:00, , -12.843414, 2.6578188, -1.1158333, 10.0, 62.15635, 174.7038
2017-04-03 00:00:00, , -12.042816, 1.685173, -1.4598656, 10.0, 62.15635, 174.7038
2017-04-04 00:00:00, , -8.684387, 1.6307735, -1.7894497, 10.0, 62.15635, 174.7038
2017-04-05 00:00:00, , -8.769226, 3.0628774, -2.0995185, 10.0, 62.15635, 174.7038
2017-04-06 00:00:00, , -9.39032, 2.3153248, -2.0110795, 10.0, 62.15635, 174.7038
2017-04-07 00:00:00, , -6.3243713, 0.44632173, -2.9899883, 10.0, 62.15635, 174.7038
2017-04-08 00:00:00, , -4.9811707, 0.5727333, -1.9366837, 10.0, 62.15635, 174.7038
2017-04-09 00:00:00, , -4.800873, -1.0586354, -1.9650553, 10.0, 62.15635, 174.7038
2017-04-10 00:00:00, , -7.1063538, 0.9559381, -1.0875854, 10.0, 62.15635, 174.7038
2017-04-11 00:00:00, , -4.833618, -3.7031837, -1.0493431, 10.0, 62.15635, 174.7038
2017-04-12 00:00:00, , 0.45993042, -7.5802164, 2.8707075, 10.0, 62.15635, 174.7038
2017-04-13 00:00:00, , 0.19906616, -4.1820674, 3.1829453, 10.0, 62.15635, 174.7038
2017-04-14 00:00:00, , -0.49331665, -3.5692272, 2.3224878, 10.0, 62.15635, 174.7038
2017-04-15 00:00:00, , 0.37960815, -5.9625835, 1.6979097, 10.0, 62.15635, 174.7038
2017-04-16 00:00:00, , -0.73947144, -2.6663074, -0.09829521, 10.0, 62.15635, 174.7038
2017-04-17 00:00:00, , -0.5295105, -1.7175672, -0.089727044, 10.0, 62.15635, 174.7038
2017-04-18 00:00:00, , -0.92370605, 0.2586565, -1.4868217, 10.0, 62.15635, 174.7038
2017-04-19 00:00:00, , -4.565918, 1.2371112, -2.292729, 10.0, 62.15635, 174.7038
2017-04-20 00:00:00, , -7.0939636, -0.17946815, -3.915057, 10.0, 62.15635, 174.7038
2017-04-21 00:00:00, , -4.3558655, -2.8196945, -2.9731236, 10.0, 62.15635, 174.7038
2017-04-22 00:00:00, , -1.2292786, -3.2323482, -2.7120478, 10.0, 62.15635, 174.7038
2017-04-23 00:00:00, , -2.5521545, -3.047363, -5.496637, 10.0, 62.15635, 174.7038
2017-04-24 00:00:00, , -2.3347473, -4.076927, -5.700266, 10.0, 62.15635, 174.7038
2017-04-25 00:00:00, , -2.143219, -3.3031027, -4.5212593, 10.0, 62.15635, 174.7038
2017-04-26 00:00:00, , -2.0020142, -2.8515925, -3.6084666, 10.0, 62.15635, 174.7038
2017-04-27 00:00:00, , -1.83844, -2.6651254, -3.7754257, 10.0, 62.15635, 174.7038
2017-04-28 00:00:00, , -1.4658508, -1.4576101, 0.29950845, 10.0, 62.15635, 174.7038
2017-04-29 00:00:00, , -0.7090759, -5.538499, 0.20866728, 10.0, 62.15635, 174.7038
2017-04-30 00:00:00, , -0.44119263, -5.442816, -4.0338335, 10.0, 62.15635, 174.7038
2017-05-01 00:00:00, , -0.40579224, -2.2058582, -5.8447437, 10.0, 62.15635, 174.7038
2017-05-02 00:00:00, , -0.7677307, 3.7738743, -5.4513645, 10.0, 62.15635, 174.7038
2017-05-03 00:00:00, , -1.6026306, 4.3556404, -1.4097475, 10.0, 62.15635, 174.7038
2017-05-04 00:00:00, , -1.3947754, 1.1096176, -0.5923785, 10.0, 62.15635, 174.7038
2017-05-05 00:00:00, , -2.4369812, -2.580883, -3.2363195, 10.0, 62.15635, 174.7038
2017-05-06 00:00:00, , -0.9854431, -4.339275, -8.84347, 10.0, 62.15635, 174.7038
2017-05-07 00:00:00, , -0.79522705, 0.033914328, -8.765137, 10.0, 62.15635, 174.7038
2017-05-08 00:00:00, , -0.90405273, 0.72686434, -7.1287146, 10.0, 62.15635, 174.7038
2017-05-09 00:00:00, , -1.7814636, -3.7524614, -2.489614, 10.0, 62.15635, 174.7038
2017-05-10 00:00:00, , -0.6018677, -5.490823, 2.2873287, 10.0, 62.15635, 174.7038
2017-05-11 00:00:00, , 0.2140503, -7.8617363, -1.7547684, 10.0, 62.15635, 174.7038
2017-05-12 00:00:00, , 0.7535095, -6.8844814, -3.5298855, 10.0, 62.15635, 174.7038
2017-05-13 00:00:00, , 0.6331482, -1.0070248, -4.2189827, 10.0, 62.15635, 174.7038
2017-05-14 00:00:00, , 0.20529175, 4.117037, -2.0698242, 10.0, 62.15635, 174.7038
2017-05-15 00:00:00, , 0.06124878, 0.33064592, 0.10569966, 10.0, 62.15635, 174.7038
2017-05-16 00:00:00, , -1.23526, -2.868424, -4.5280476, 10.0, 62.15635, 174.7038
2017-05-17 00:00:00, , 0.07229614, 2.463434, -6.1121926, 10.0, 62.15635, 174.7038
2017-05-18 00:00:00, , 0.5458679, 2.415305, -3.214959, 10.0, 62.15635, 174.7038
2017-05-19 00:00:00, , 0.3070984, -2.163013, -1.7608564, 10.0, 62.15635, 174.7038
2017-05-20 00:00:00, , 0.4458313, -3.369258, -1.199346, 10.0, 62.15635, 174.7038
2017-05-21 00:00:00, , 0.9772949, -6.3024178, 3.3834505, 10.0, 62.15635, 174.7038
2017-05-22 00:00:00, , 1.2330933, -5.3687363, 4.1168594, 10.0, 62.15635, 174.7038
2017-05-23 00:00:00, , 1.5569458, -3.9610295, 4.458086, 10.0, 62.15635, 174.7038
2017-05-24 00:00:00, , 1.5930176, -0.9451846, 0.24297369, 10.0, 62.15635, 174.7038
2017-05-25 00:00:00, , 1.512146, 6.301852, -1.7374552, 10.0, 62.15635, 174.7038
2017-05-26 00:00:00, , 1.601654, 3.463004, 1.0349596, 10.0, 62.15635, 174.7038
2017-05-27 00:00:00, , 1.7811584, -3.8423307, 1.7621366, 10.0, 62.15635, 174.7038
2017-05-28 00:00:00, , 1.7571106, -1.9994437, 3.052702, 10.0, 62.15635, 174.7038
2017-05-29 00:00:00, , 1.5555725, -3.1839938, 0.2877499, 10.0, 62.15635, 174.7038
2017-05-30 00:00:00, , 1.7991028, -4.946047, -3.4108543, 10.0, 62.15635, 174.7038
2017-05-31 00:00:00, , 1.3007202, -5.4216948, -5.453582, 10.0, 62.15635, 174.7038
2017-06-01 00:00:00, , 1.6263733, -3.206082, -6.188711, 10.0, 62.15635, 174.7038
2017-06-02 00:00:00, , 2.466156, -3.5449677, -2.8341312, 10.0, 62.15635, 174.7038
2017-06-03 00:00:00, , 2.833374, -2.5170655, -3.2528415, 10.0, 62.15635, 174.7038
2017-06-04 00:00:00, , 2.8573914, -2.5886862, -5.6198025, 10.0, 62.15635, 174.7038
2017-06-05 00:00:00, , 3.9304504, -1.1450269, -1.9689431, 10.0, 62.15635, 174.7038
2017-06-06 00:00:00, , 3.6929321, -2.069777, -3.974379, 10.0, 62.15635, 174.7038
2017-06-07 00:00:00, , 4.387268, -2.972368, -5.168763, 10.0, 62.15635, 174.7038
2017-06-08 00:00:00, , 4.086273, -2.016017, -3.054693, 10.0, 62.15635, 174.7038
2017-06-09 00:00:00, , 4.688965, -2.422948, -5.303917, 10.0, 62.15635, 174.7038
2017-06-10 00:00:00, , 4.7206116, 1.0384083, -5.0025916, 10.0, 62.15635, 174.7038
2017-06-11 00:00:00, , 4.7980957, -0.65707016, -4.7753086, 10.0, 62.15635, 174.7038
2017-06-12 00:00:00, , 5.065613, 0.88024735, -4.6358013, 10.0, 62.15635, 174.7038
2017-06-13 00:00:00, , 4.974457, -0.66567576, 0.5608953, 10.0, 62.15635, 174.7038
2017-06-14 00:00:00, , 5.22876, -1.788219, -0.95099497, 10.0, 62.15635, 174.7038
2017-06-15 00:00:00, , 5.6829224, -0.14887273, -1.5691335, 10.0, 62.15635, 174.7038
2017-06-16 00:00:00, , 5.5901184, 5.2024484, -0.2530868, 10.0, 62.15635, 174.7038
2017-06-17 00:00:00, , 5.935913, 4.1721005, 1.3108017, 10.0, 62.15635, 174.7038
2017-06-18 00:00:00, , 6.094574, 2.1649277, 3.2044814, 10.0, 62.15635, 174.7038
2017-06-19 00:00:00, , 5.9773254, 3.2560005, 4.7369943, 10.0, 62.15635, 174.7038
2017-06-20 00:00:00, , 6.4179688, 5.4415045, 4.90506, 10.0, 62.15635, 174.7038
2017-06-21 00:00:00, , 6.2931213, 3.5667837, 6.4722013, 10.0, 62.15635, 174.7038
2017-06-22 00:00:00, , 5.9013977, 2.0327814, 7.1779213, 10.0, 62.15635, 174.7038
2017-06-23 00:00:00, , 5.5119324, 2.4351602, 5.7281194, 10.0, 62.15635, 174.7038
2017-06-24 00:00:00, , 5.2536926, 0.04779327, 6.7948956, 10.0, 62.15635, 174.7038
2017-06-25 00:00:00, , 5.955078, -7.218902, 3.3830907, 10.0, 62.15635, 174.7038
2017-06-26 00:00:00, , 6.13797, -7.546398, 0.9788053, 10.0, 62.15635, 174.7038
2017-06-27 00:00:00, , 6.155182, -3.285666, 1.1586028, 10.0, 62.15635, 174.7038
2017-06-28 00:00:00, , 6.141571, -5.88434, -2.1788912, 10.0, 62.15635, 174.7038
2017-06-29 00:00:00, , 5.9736023, -4.7092414, 3.7171836, 10.0, 62.15635, 174.7038
2017-06-30 00:00:00, , 5.954315, -3.2763615, 4.958383, 10.0, 62.15635, 174.7038
2017-07-01 00:00:00, , 6.0457153, -0.9310577, 4.2842774, 10.0, 62.15635, 174.7038
2017-07-02 00:00:00, , 6.2408752, -2.1484594, 2.907897, 10.0, 62.15635, 174.7038
2017-07-03 00:00:00, , 6.324524, 0.110129, 3.844751, 10.0, 62.15635, 174.7038
2017-07-04 00:00:00, , 6.7461243, -0.2565801, 7.2683654, 10.0, 62.15635, 174.7038
2017-07-05 00:00:00, , 6.9969482, -4.9912796, 8.569059, 10.0, 62.15635, 174.7038
2017-07-06 00:00:00, , 7.1799316, -2.9742172, 6.681334, 10.0, 62.15635, 174.7038
2017-07-07 00:00:00, , 7.2977295, -4.060405, 4.4813724, 10.0, 62.15635, 174.7038
2017-07-08 00:00:00, , 7.192505, -7.0223784, 3.8698492, 10.0, 62.15635, 174.7038
2017-07-09 00:00:00, , 7.4023743, -6.0678043, -0.9707893, 10.0, 62.15635, 174.7038
2017-07-10 00:00:00, , 7.8818665, -0.93762374, -4.077166, 10.0, 62.15635, 174.7038
2017-07-11 00:00:00, , 7.812378, -0.7605232, -2.4789839, 10.0, 62.15635, 174.7038
2017-07-12 00:00:00, , 8.023163, -4.4668427, 1.3312151, 10.0, 62.15635, 174.7038
2017-07-13 00:00:00, , 8.189697, -5.7774563, 4.395377, 10.0, 62.15635, 174.7038
2017-07-14 00:00:00, , 8.258911, -1.6788366, 3.147737, 10.0, 62.15635, 174.7038
2017-07-15 00:00:00, , 8.383972, -0.01881802, 2.9765434, 10.0, 62.15635, 174.7038
2017-07-16 00:00:00, , 8.676025, -2.1409135, 4.335491, 10.0, 62.15635, 174.7038
2017-07-17 00:00:00, , 8.742767, -1.927015, 4.5977235, 10.0, 62.15635, 174.7038
2017-07-18 00:00:00, , 9.230469, 3.23204, -0.5099673, 10.0, 62.15635, 174.7038
2017-07-19 00:00:00, , 9.522797, 3.8373208, -3.198118, 10.0, 62.15635, 174.7038
2017-07-20 00:00:00, , 9.602417, 2.155553, 1.7027278, 10.0, 62.15635, 174.7038
2017-07-21 00:00:00, , 9.379242, 2.0381193, 3.5125065, 10.0, 62.15635, 174.7038
2017-07-22 00:00:00, , 9.044891, 4.4333353, 5.949479, 10.0, 62.15635, 174.7038
2017-07-23 00:00:00, , 9.181824, 5.4024796, 9.471661, 10.0, 62.15635, 174.7038
2017-07-24 00:00:00, , 9.703278, 5.136991, 3.7874317, 10.0, 62.15635, 174.7038
2017-07-25 00:00:00, , 9.94278, 4.469901, 0.08468044, 10.0, 62.15635, 174.7038
2017-07-26 00:00:00, , 10.076752, 1.7660437, -0.16069698, 10.0, 62.15635, 174.7038
2017-07-27 00:00:00, , 10.000702, 4.445438, 7.021803, 10.0, 62.15635, 174.7038
2017-07-28 00:00:00, , 10.118622, 6.8991213, 4.9852123, 10.0, 62.15635, 174.7038
2017-07-29 00:00:00, , 10.589813, 4.1219025, -0.47675598, 10.0, 62.15635, 174.7038
2017-07-30 00:00:00, , 10.970581, -1.7846874, 4.0517397, 10.0, 62.15635, 174.7038
2017-07-31 00:00:00, , 10.270477, 2.380546, 7.247913, 10.0, 62.15635, 174.7038
2017-08-01 00:00:00, , 10.380249, 5.0484886, 4.7499847, 10.0, 62.15635, 174.7038
2017-08-02 00:00:00, , 10.0503235, 2.6360831, 4.134782, 10.0, 62.15635, 174.7038
2017-08-03 00:00:00, , 10.21228, 1.086366, 4.8392305, 10.0, 62.15635, 174.7038
2017-08-04 00:00:00, , 10.633759, -2.1601133, -2.2684107, 10.0, 62.15635, 174.7038
2017-08-05 00:00:00, , 10.932709, -3.2490447, -1.6957877, 10.0, 62.15635, 174.7038
2017-08-06 00:00:00, , 11.658508, -0.43813574, 0.30609596, 10.0, 62.15635, 174.7038
2017-08-07 00:00:00, , 11.255646, 0.03199637, 4.269845, 10.0, 62.15635, 174.7038
2017-08-08 00:00:00, , 11.116486, -5.808133, 2.4656167, 10.0, 62.15635, 174.7038
2017-08-09 00:00:00, , 10.796234, -0.46580374, 0.07989609, 10.0, 62.15635, 174.7038
2017-08-10 00:00:00, , 10.4027405, -0.5285852, -2.3813417, 10.0, 62.15635, 174.7038
2017-08-11 00:00:00, , 10.418549, 3.625081, 1.310358, 10.0, 62.15635, 174.7038
2017-08-12 00:00:00, , 7.9552307, 2.4697201, -11.995043, 10.0, 62.15635, 174.7038
2017-08-13 00:00:00, , 8.065063, 3.513372, -10.279758, 10.0, 62.15635, 174.7038
2017-08-14 00:00:00, , 8.453705, -0.043753624, -8.401093, 10.0, 62.15635, 174.7038
2017-08-15 00:00:00, , 8.658997, 2.575169, -4.6495256, 10.0, 62.15635, 174.7038
2017-08-16 00:00:00, , 10.375458, 4.146678, -1.0273827, 10.0, 62.15635, 174.7038
2017-08-17 00:00:00, , 10.263123, 1.326551, -4.147665, 10.0, 62.15635, 174.7038
2017-08-18 00:00:00, , 8.506561, 2.1758728, -2.7786784, 10.0, 62.15635, 174.7038
2017-08-19 00:00:00, , 7.9700317, 1.7540113, -3.126473, 10.0, 62.15635, 174.7038
2017-08-20 00:00:00, , 8.502075, 4.2018094, -0.093916535, 10.0, 62.15635, 174.7038
2017-08-21 00:00:00, , 9.548859, 7.421631, 5.612893, 10.0, 62.15635, 174.7038
2017-08-22 00:00:00, , 9.591583, 2.8888397, -0.9125272, 10.0, 62.15635, 174.7038
2017-08-23 00:00:00, , 8.961304, -3.2004373, -3.7899094, 10.0, 62.15635, 174.7038
2017-08-24 00:00:00, , 8.122223, 0.90110624, -4.944439, 10.0, 62.15635, 174.7038
2017-08-25 00:00:00, , 7.9226685, -0.22684932, -2.9649773, 10.0, 62.15635, 174.7038
2017-08-26 00:00:00, , 7.7839966, 0.21718752, -3.7338724, 10.0, 62.15635, 174.7038
2017-08-27 00:00:00, , 7.2279663, -2.3249714, -4.5714865, 10.0, 62.15635, 174.7038
2017-08-28 00:00:00, , 8.039429, -2.9828727, -3.1148493, 10.0, 62.15635, 174.7038
2017-08-29 00:00:00, , 7.337494, -1.2337503, -4.3896437, 10.0, 62.15635, 174.7038
2017-08-30 00:00:00, , 7.9148254, -1.4579803, -7.0142746, 10.0, 62.15635, 174.7038
2017-08-31 00:00:00, , 7.257202, 1.674402, -6.281082, 10.0, 62.15635, 174.7038
2017-09-01 00:00:00, , 6.5974426, 2.8541598, -3.9508727, 10.0, 62.15635, 174.7038
2017-09-02 00:00:00, , 7.3179626, 0.81612325, -4.151817, 10.0, 62.15635, 174.7038
2017-09-03 00:00:00, , 7.752411, -1.1714058, -1.9857831, 10.0, 62.15635, 174.7038
2017-09-04 00:00:00, , 8.9574585, 0.19387245, 3.6698895, 10.0, 62.15635, 174.7038
2017-09-05 00:00:00, , 9.560272, -0.91061664, 6.215225, 10.0, 62.15635, 174.7038
2017-09-06 00:00:00, , 9.308777, -3.8831081, -4.5391507, 10.0, 62.15635, 174.7038
2017-09-07 00:00:00, , 9.115448, 3.7567027, -7.329477, 10.0, 62.15635, 174.7038
2017-09-08 00:00:00, , 8.778992, 3.069473, -6.4227734, 10.0, 62.15635, 174.7038
2017-09-09 00:00:00, , 9.786072, 4.4068604, -0.5059904, 10.0, 62.15635, 174.7038
2017-09-10 00:00:00, , 8.799988, 2.862008, -1.9676895, 10.0, 62.15635, 174.7038
2017-09-11 00:00:00, , 9.519867, 2.2401485, 2.514536, 10.0, 62.15635, 174.7038
2017-09-12 00:00:00, , 8.578308, -0.7310519, -4.571419, 10.0, 62.15635, 174.7038
2017-09-13 00:00:00, , 7.434021, 1.6209477, -7.361891, 10.0, 62.15635, 174.7038
2017-09-14 00:00:00, , 6.903351, 0.3533516, 4.195477, 10.0, 62.15635, 174.7038
2017-09-15 00:00:00, , 8.523651, -6.04482, 5.0915556, 10.0, 62.15635, 174.7038
2017-09-16 00:00:00, , 8.7812195, -3.382822, -9.891156, 10.0, 62.15635, 174.7038
2017-09-17 00:00:00, , 7.7831726, 3.6817482, -7.333597, 10.0, 62.15635, 174.7038
2017-09-18 00:00:00, , 6.507599, 4.534873, 0.8177705, 10.0, 62.15635, 174.7038
2017-09-19 00:00:00, , 9.225037, 4.4506044, 0.53304553, 10.0, 62.15635, 174.7038
2017-09-20 00:00:00, , 6.592804, -2.726119, -6.1287346, 10.0, 62.15635, 174.7038
2017-09-21 00:00:00, , 5.0620117, -1.0651436, -7.302577, 10.0, 62.15635, 174.7038
2017-09-22 00:00:00, , 5.642029, 1.2809106, -6.61314, 10.0, 62.15635, 174.7038
2017-09-23 00:00:00, , 6.2446594, 1.6341711, -6.9596043, 10.0, 62.15635, 174.7038
2017-09-24 00:00:00, , 6.447693, 0.8110981, -7.249119, 10.0, 62.15635, 174.7038
2017-09-25 00:00:00, , 6.596405, -1.1110897, -6.534527, 10.0, 62.15635, 174.7038
2017-09-26 00:00:00, , 5.275299, -1.9366188, -4.1743774, 10.0, 62.15635, 174.7038
2017-09-27 00:00:00, , 6.3932495, 4.273693, 0.40769684, 10.0, 62.15635, 174.7038
2017-09-28 00:00:00, , 7.587372, 4.118332, -4.2252655, 10.0, 62.15635, 174.7038
2017-09-29 00:00:00, , 6.8147583, 3.0657709, -0.59494996, 10.0, 62.15635, 174.7038
2017-09-30 00:00:00, , 7.3312683, 4.6360717, 8.34282, 10.0, 62.15635, 174.7038
2017-10-01 00:00:00, , 7.397827, -1.0510161, 12.545099, 10.0, 62.15635, 174.7038
2017-10-02 00:00:00, , 5.8384094, -2.9154587, 4.481845, 10.0, 62.15635, 174.7038
2017-10-03 00:00:00, , 6.358612, 0.10378218, 2.9319305, 10.0, 62.15635, 174.7038
2017-10-04 00:00:00, , 6.6805725, -9.256411, 2.1337547, 10.0, 62.15635, 174.7038
2017-10-05 00:00:00, , 6.8330383, -7.9511194, -11.078587, 10.0, 62.15635, 174.7038
2017-10-06 00:00:00, , 6.196594, 4.795824, -7.757265, 10.0, 62.15635, 174.7038
2017-10-07 00:00:00, , 4.5500183, 0.3332883, -1.879381, 10.0, 62.15635, 174.7038
2017-10-08 00:00:00, , 4.0247498, 1.801147, -1.0084875, 10.0, 62.15635, 174.7038
2017-10-09 00:00:00, , 6.8825684, 1.860279, 11.727928, 10.0, 62.15635, 174.7038
2017-10-10 00:00:00, , 6.4182434, 9.215199, 8.250168, 10.0, 62.15635, 174.7038
2017-10-11 00:00:00, , 6.410309, -7.878408, 4.0457363, 10.0, 62.15635, 174.7038
2017-10-12 00:00:00, , 7.256256, -7.5562344, 12.952557, 10.0, 62.15635, 174.7038
2017-10-13 00:00:00, , 6.6479187, 5.287567, 14.714809, 10.0, 62.15635, 174.7038
2017-10-14 00:00:00, , 5.9548035, 2.2744188, 8.780083, 10.0, 62.15635, 174.7038
2017-10-15 00:00:00, , 5.68219, 0.8885678, 6.0106826, 10.0, 62.15635, 174.7038
2017-10-16 00:00:00, , 5.4984436, -0.27881324, 2.6454067, 10.0, 62.15635, 174.7038
2017-10-17 00:00:00, , 5.0486755, -5.2203536, -2.5994968, 10.0, 62.15635, 174.7038
2017-10-18 00:00:00, , 2.954834, 3.0507965, -5.504753, 10.0, 62.15635, 174.7038
2017-10-19 00:00:00, , 2.506073, 3.1440353, -5.7186756, 10.0, 62.15635, 174.7038
2017-10-20 00:00:00, , 0.47216797, 1.6178436, -9.896145, 10.0, 62.15635, 174.7038
2017-10-21 00:00:00, , 1.3081665, 2.8554406, -13.396842, 10.0, 62.15635, 174.7038
2017-10-22 00:00:00, , 1.162323, 2.7778473, -11.060093, 10.0, 62.15635, 174.7038
2017-10-23 00:00:00, , 1.2602234, 0.3240701, -6.1587143, 10.0, 62.15635, 174.7038
2017-10-24 00:00:00, , 1.7073975, -8.438356, -0.7362137, 10.0, 62.15635, 174.7038
2017-10-25 00:00:00, , 2.4084473, -10.713069, -11.904402, 10.0, 62.15635, 174.7038
2017-10-26 00:00:00, , 1.6040039, -4.484342, -12.801048, 10.0, 62.15635, 174.7038
2017-10-27 00:00:00, , 1.6418762, -2.0779047, -8.425635, 10.0, 62.15635, 174.7038
2017-10-28 00:00:00, , 1.6868591, -1.2612181, -3.672148, 10.0, 62.15635, 174.7038
2017-10-29 00:00:00, , 1.8309326, -2.8266873, -5.310856, 10.0, 62.15635, 174.7038
2017-10-30 00:00:00, , 0.30374146, -2.059147, -9.192261, 10.0, 62.15635, 174.7038
2017-10-31 00:00:00, , 0.2842102, 0.18476295, -1.093935, 10.0, 62.15635, 174.7038
2017-11-01 00:00:00, , 3.0975037, -3.5750349, 7.201435, 10.0, 62.15635, 174.7038
2017-11-02 00:00:00, , 3.223175, 2.451098, 6.796324, 10.0, 62.15635, 174.7038
2017-11-03 00:00:00, , 1.4395447, -0.5209428, 2.6495206, 10.0, 62.15635, 174.7038
2017-11-04 00:00:00, , 3.7948608, 2.5240002, 0.58546627, 10.0, 62.15635, 174.7038
2017-11-05 00:00:00, , 2.0055542, 2.979473, 3.2919502, 10.0, 62.15635, 174.7038
2017-11-06 00:00:00, , 2.7070618, -5.2312374, 13.730282, 10.0, 62.15635, 174.7038
2017-11-07 00:00:00, , 3.2847595, 3.7769222, 8.186174, 10.0, 62.15635, 174.7038
2017-11-08 00:00:00, , 3.2983093, 10.3061, 7.704006, 10.0, 62.15635, 174.7038
2017-11-09 00:00:00, , 1.0198975, 10.9699335, -1.5329723, 10.0, 62.15635, 174.7038
2017-11-10 00:00:00, , 2.8278503, 6.113611, 2.6909492, 10.0, 62.15635, 174.7038
2017-11-11 00:00:00, , 3.6853638, 6.890035, 8.266029, 10.0, 62.15635, 174.7038
2017-11-12 00:00:00, , 1.9412842, 6.6552467, -1.5459366, 10.0, 62.15635, 174.7038
2017-11-13 00:00:00, , 0.2791443, -7.3371086, 1.1322021, 10.0, 62.15635, 174.7038
2017-11-14 00:00:00, , 3.2949524, -9.607805, 10.234829, 10.0, 62.15635, 174.7038
2017-11-15 00:00:00, , 3.5604553, 5.2930126, 6.580757, 10.0, 62.15635, 174.7038
2017-11-16 00:00:00, , 2.818573, 10.779928, 0.3991871, 10.0, 62.15635, 174.7038
2017-11-17 00:00:00, , 1.9612122, 4.0511656, -1.1061192, 10.0, 62.15635, 174.7038
2017-11-18 00:00:00, , 3.0813293, -0.23167181, 7.193923, 10.0, 62.15635, 174.7038
2017-11-19 00:00:00, , 0.80532837, 15.930639, -7.072071, 10.0, 62.15635, 174.7038
2017-11-20 00:00:00, , -0.504364, 1.3517628, 0.05375862, 10.0, 62.15635, 174.7038
2017-11-21 00:00:00, , 2.3439636, 11.745628, 5.317339, 10.0, 62.15635, 174.7038
2017-11-22 00:00:00, , 2.4406433, 3.1947994, 3.6369438, 10.0, 62.15635, 174.7038
2017-11-23 00:00:00, , -0.3418274, 5.4818273, -11.553471, 10.0, 62.15635, 174.7038
2017-11-24 00:00:00, , 0.09390259, 2.7324772, -0.40549278, 10.0, 62.15635, 174.7038
2017-11-25 00:00:00, , 2.3439026, -3.3501072, 8.198969, 10.0, 62.15635, 174.7038
2017-11-26 00:00:00, , 1.8608398, -16.721256, 0.07415581, 10.0, 62.15635, 174.7038
2017-11-27 00:00:00, , -0.36624146, -11.809887, -5.827562, 10.0, 62.15635, 174.7038
2017-11-28 00:00:00, , -0.3057251, -7.7007585, -5.5826416, 10.0, 62.15635, 174.7038
2017-11-29 00:00:00, , 1.0745544, -7.989046, -7.5589294, 10.0, 62.15635, 174.7038
2017-11-30 00:00:00, , -0.52215576, -2.6036167, -1.8000927, 10.0, 62.15635, 174.7038
2017-12-01 00:00:00, , 1.8816833, -7.857498, 4.5676203, 10.0, 62.15635, 174.7038
2017-12-02 00:00:00, , 2.4478455, -1.4971035, 7.413663, 10.0, 62.15635, 174.7038
2017-12-03 00:00:00, , 2.1835327, -3.6242723, 5.5710735, 10.0, 62.15635, 174.7038
2017-12-04 00:00:00, , 1.4862366, -5.3698344, -2.4304862, 10.0, 62.15635, 174.7038
2017-12-05 00:00:00, , -0.41860962, -2.0813503, -8.217333, 10.0, 62.15635, 174.7038
2017-12-06 00:00:00, , -0.7894592, 3.0219648, -2.9162998, 10.0, 62.15635, 174.7038
2017-12-07 00:00:00, , 0.72805786, -3.4152699, 3.297289, 10.0, 62.15635, 174.7038
2017-12-08 00:00:00, , 0.31417847, -7.4097347, -4.7758026, 10.0, 62.15635, 174.7038
2017-12-09 00:00:00, , -1.0682983, -2.6103516, -7.2606945, 10.0, 62.15635, 174.7038
2017-12-10 00:00:00, , -2.5317078, -4.7903175, -10.552671, 10.0, 62.15635, 174.7038
2017-12-11 00:00:00, , -2.977539, -0.94615173, -16.046623, 10.0, 62.15635, 174.7038
2017-12-12 00:00:00, , -4.568939, 2.5671253, -10.99638, 10.0, 62.15635, 174.7038
2017-12-13 00:00:00, , -3.9098816, 5.7722454, -3.1806526, 10.0, 62.15635, 174.7038
2017-12-14 00:00:00, , -4.3211975, 2.243843, -0.49858475, 10.0, 62.15635, 174.7038
2017-12-15 00:00:00, , -2.0766296, -6.592347, -4.613927, 10.0, 62.15635, 174.7038
2017-12-16 00:00:00, , -1.1312256, -0.72667634, -11.8114395, 10.0, 62.15635, 174.7038
2017-12-17 00:00:00, , -3.680725, 7.285904, -6.350694, 10.0, 62.15635, 174.7038
2017-12-18 00:00:00, , 0.41116333, -8.75202, 8.730137, 10.0, 62.15635, 174.7038
2017-12-19 00:00:00, , 1.4371033, 4.1351957, 13.884579, 10.0, 62.15635, 174.7038
2017-12-20 00:00:00, , 0.8284607, 4.576643, 8.059845, 10.0, 62.15635, 174.7038
2017-12-21 00:00:00, , 0.9471741, -2.0607853, 1.9096537, 10.0, 62.15635, 174.7038
2017-12-22 00:00:00, , 1.4048767, -10.947111, 7.170581, 10.0, 62.15635, 174.7038
2017-12-23 00:00:00, , -1.0493164, 6.045622, 1.2911968, 10.0, 62.15635, 174.7038
2017-12-24 00:00:00, , -2.3596802, -1.0361784, -2.170629, 10.0, 62.15635, 174.7038
2017-12-25 00:00:00, , -1.6902161, 2.1582737, -2.749895, 10.0, 62.15635, 174.7038
2017-12-26 00:00:00, , -2.2589111, -5.4668274, -3.0620613, 10.0, 62.15635, 174.7038
2017-12-27 00:00:00, , -2.4724731, -3.532589, -5.572111, 10.0, 62.15635, 174.7038
2017-12-28 00:00:00, , -3.6530151, -2.9302368, -6.1619625, 10.0, 62.15635, 174.7038
2017-12-29 00:00:00, , -4.0292053, -5.797142, -6.2399178, 10.0, 62.15635, 174.7038
2017-12-30 00:00:00, , -5.2171326, -5.8985696, -7.0321007, 10.0, 62.15635, 174.7038
2017-12-31 00:00:00, , -4.1169434, -8.9116955, -14.23056, 10.0, 62.15635, 174.7038
2018-01-01 00:00:00, , -0.372406, -10.387299, -6.9121895, 10.0, 62.15635, 174.7038
2018-01-02 00:00:00, , -0.13931274, -8.694809, -3.2541428, 10.0, 62.15635, 174.7038
2018-01-03 00:00:00, , -2.5846252, -4.2811832, -1.8729172, 10.0, 62.15635, 174.7038
2018-01-04 00:00:00, , -0.30944824, -8.878994, -0.2517166, 10.0, 62.15635, 174.7038
2018-01-05 00:00:00, , 0.10409546, -15.114841, -4.049341, 10.0, 62.15635, 174.7038
2018-01-06 00:00:00, , 0.08859253, -13.141075, -0.11755562, 10.0, 62.15635, 174.7038
2018-01-07 00:00:00, , 1.2226257, -6.5355034, 5.9198494, 10.0, 62.15635, 174.7038
2018-01-08 00:00:00, , 0.7281494, -5.593239, 3.187067, 10.0, 62.15635, 174.7038
2018-01-09 00:00:00, , -1.3246155, -11.035387, -4.7287254, 10.0, 62.15635, 174.7038
2018-01-10 00:00:00, , -1.0580139, -12.073336, -2.3778615, 10.0, 62.15635, 174.7038
2018-01-11 00:00:00, , -0.3685913, -11.028332, -4.434059, 10.0, 62.15635, 174.7038
2018-01-12 00:00:00, , -2.9229126, -4.061758, -6.7550716, 10.0, 62.15635, 174.7038
2018-01-13 00:00:00, , -0.90963745, -7.3683567, -7.28921, 10.0, 62.15635, 174.7038
2018-01-14 00:00:00, , -1.675415, -3.9269066, -10.40596, 10.0, 62.15635, 174.7038
2018-01-15 00:00:00, , -3.3546448, 2.7426226, -7.895794, 10.0, 62.15635, 174.7038
2018-01-16 00:00:00, , -4.4099426, 6.3277373, -2.3261566, 10.0, 62.15635, 174.7038
2018-01-17 00:00:00, , -5.1667175, 5.2893124, -4.6019077, 10.0, 62.15635, 174.7038
2018-01-18 00:00:00, , -5.9247437, 1.6099663, -9.449003, 10.0, 62.15635, 174.7038
2018-01-19 00:00:00, , -5.321472, -2.993103, -7.638695, 10.0, 62.15635, 174.7038
2018-01-20 00:00:00, , -4.456421, 0.62490463, -0.27350962, 10.0, 62.15635, 174.7038
2018-01-21 00:00:00, , -2.7726135, 1.2219639, -3.2555904, 10.0, 62.15635, 174.7038
2018-01-22 00:00:00, , -6.552887, 0.4966259, -3.3917007, 10.0, 62.15635, 174.7038
2018-01-23 00:00:00, , -4.3213196, 0.7086048, -0.92102623, 10.0, 62.15635, 174.7038
2018-01-24 00:00:00, , -3.2877197, 4.07798, -4.337475, 10.0, 62.15635, 174.7038
2018-01-25 00:00:00, , -3.9049072, 0.6285057, -5.187458, 10.0, 62.15635, 174.7038
2018-01-26 00:00:00, , -9.45163, -2.195322, -4.157259, 10.0, 62.15635, 174.7038
2018-01-27 00:00:00, , -7.7581787, -1.8021122, 1.5897312, 10.0, 62.15635, 174.7038
2018-01-28 00:00:00, , -6.122925, -2.2844143, 3.1218662, 10.0, 62.15635, 174.7038
2018-01-29 00:00:00, , -5.6466675, 2.0319386, -1.4209614, 10.0, 62.15635, 174.7038
2018-01-30 00:00:00, , -3.2322083, 2.5984097, -5.9577236, 10.0, 62.15635, 174.7038
2018-01-31 00:00:00, , -4.817108, -4.026951, -4.2583733, 10.0, 62.15635, 174.7038
2018-02-01 00:00:00, , -5.574341, -3.3825665, -4.163147, 10.0, 62.15635, 174.7038
2018-02-02 00:00:00, , -5.5857544, -6.433215, -5.4040966, 10.0, 62.15635, 174.7038
2018-02-03 00:00:00, , -6.371063, -8.741306, -6.30248, 10.0, 62.15635, 174.7038
2018-02-04 00:00:00, , -6.9789734, -9.855967, -3.2021346, 10.0, 62.15635, 174.7038
2018-02-05 00:00:00, , -5.930542, -9.219654, -2.455647, 10.0, 62.15635, 174.7038
2018-02-06 00:00:00, , -7.6442566, -5.669979, -4.5390344, 10.0, 62.15635, 174.7038
2018-02-07 00:00:00, , -3.5176392, -6.1866837, 1.3403511, 10.0, 62.15635, 174.7038
2018-02-08 00:00:00, , 0.064453125, -8.848326, 4.160713, 10.0, 62.15635, 174.7038
2018-02-09 00:00:00, , -2.2008362, -6.739666, 2.2783582, 10.0, 62.15635, 174.7038
2018-02-10 00:00:00, , -2.7963562, -4.5993137, -2.4357495, 10.0, 62.15635, 174.7038
2018-02-11 00:00:00, , -1.0119934, -4.132581, -2.2460766, 10.0, 62.15635, 174.7038
2018-02-12 00:00:00, , -0.0836792, 4.3181286, 0.4529724, 10.0, 62.15635, 174.7038
2018-02-13 00:00:00, , 0.55236816, -5.3658924, 9.55158, 10.0, 62.15635, 174.7038
2018-02-14 00:00:00, , 0.5539856, 1.8203773, 6.0336437, 10.0, 62.15635, 174.7038
2018-02-15 00:00:00, , -0.4362793, -7.04998, 2.6260624, 10.0, 62.15635, 174.7038
2018-02-16 00:00:00, , 0.25967407, -5.0950966, 8.819778, 10.0, 62.15635, 174.7038
2018-02-17 00:00:00, , 0.85598755, -5.6594954, 11.323208, 10.0, 62.15635, 174.7038
2018-02-18 00:00:00, , 0.30578613, -3.50877, 6.9265804, 10.0, 62.15635, 174.7038
2018-02-19 00:00:00, , 0.7362366, -7.2515335, 9.751743, 10.0, 62.15635, 174.7038
2018-02-20 00:00:00, , 1.1042175, 4.8052607, 15.112408, 10.0, 62.15635, 174.7038
2018-02-21 00:00:00, , 0.5388489, -4.5220847, 5.898918, 10.0, 62.15635, 174.7038
2018-02-22 00:00:00, , -0.66119385, 7.7484856, -1.2930808, 10.0, 62.15635, 174.7038
2018-02-23 00:00:00, , -3.6759033, -5.032099, -3.6219997, 10.0, 62.15635, 174.7038
2018-02-24 00:00:00, , -4.983856, -5.9345417, -7.6984787, 10.0, 62.15635, 174.7038
2018-02-25 00:00:00, , -5.618744, -1.9694939, -3.2326145, 10.0, 62.15635, 174.7038
2018-02-26 00:00:00, , -5.4207764, 2.62327, -7.2098923, 10.0, 62.15635, 174.7038
2018-02-27 00:00:00, , -4.3684998, 9.493149, -3.6553288, 10.0, 62.15635, 174.7038
2018-02-28 00:00:00, , -2.2748413, -4.640543, 3.4107056, 10.0, 62.15635, 174.7038
2018-03-01 00:00:00, , 1.2642212, -4.088337, 9.169832, 10.0, 62.15635, 174.7038
2018-03-02 00:00:00, , 0.99139404, 3.7432156, 8.081465, 10.0, 62.15635, 174.7038
2018-03-03 00:00:00, , -0.3479309, 3.7158298, 6.022146, 10.0, 62.15635, 174.7038
2018-03-04 00:00:00, , 1.162262, -1.9859867, 8.844427, 10.0, 62.15635, 174.7038
2018-03-05 00:00:00, , 1.0194092, 4.4446898, 8.171085, 10.0, 62.15635, 174.7038
2018-03-06 00:00:00, , 0.90075684, -1.0806904, 7.0677223, 10.0, 62.15635, 174.7038
2018-03-07 00:00:00, , 0.556427, 1.4991212, 6.618696, 10.0, 62.15635, 174.7038
2018-03-08 00:00:00, , -1.1512756, 9.232592, 3.6636925, 10.0, 62.15635, 174.7038
2018-03-09 00:00:00, , -6.503296, 4.6732464, -14.178165, 10.0, 62.15635, 174.7038
2018-03-10 00:00:00, , -7.089813, 3.4240932, -9.424681, 10.0, 62.15635, 174.7038
2018-03-11 00:00:00, , -5.1889343, -8.102039, -1.3045273, 10.0, 62.15635, 174.7038
2018-03-12 00:00:00, , -5.925354, -8.464497, -3.2185082, 10.0, 62.15635, 174.7038
2018-03-13 00:00:00, , -6.6465454, -8.830946, -1.2323685, 10.0, 62.15635, 174.7038
2018-03-14 00:00:00, , -3.7677612, -4.483692, 1.5065517, 10.0, 62.15635, 174.7038
2018-03-15 00:00:00, , -1.2692871, -1.8213724, 2.7076433, 10.0, 62.15635, 174.7038
2018-03-16 00:00:00, , -3.640503, -2.1080513, -1.4833273, 10.0, 62.15635, 174.7038
2018-03-17 00:00:00, , -10.6397705, -10.830357, -3.7647438, 10.0, 62.15635, 174.7038
2018-03-18 00:00:00, , -1.7322388, 0.5691606, 5.44014, 10.0, 62.15635, 174.7038
2018-03-19 00:00:00, , -0.39886475, 4.3645554, 5.8553896, 10.0, 62.15635, 174.7038
2018-03-20 00:00:00, , -2.9797363, 2.7608871, 2.659212, 10.0, 62.15635, 174.7038
2018-03-21 00:00:00, , 0.010131836, -2.7895217, 8.782206, 10.0, 62.15635, 174.7038
2018-03-22 00:00:00, , -0.30743408, -10.078608, 10.546902, 10.0, 62.15635, 174.7038
2018-03-23 00:00:00, , -0.20806885, 0.95223653, 11.507093, 10.0, 62.15635, 174.7038
2018-03-24 00:00:00, , -0.32852173, -2.4906125, 7.549528, 10.0, 62.15635, 174.7038
2018-03-25 00:00:00, , -0.8798218, -9.432497, 1.5148888, 10.0, 62.15635, 174.7038
2018-03-26 00:00:00, , -2.84964, -3.9451408, -6.9352636, 10.0, 62.15635, 174.7038
2018-03-27 00:00:00, , -2.2282715, 2.898058, -6.1339483, 10.0, 62.15635, 174.7038
2018-03-28 00:00:00, , -2.8902893, 6.175194, -0.98827565, 10.0, 62.15635, 174.7038
2018-03-29 00:00:00, , -2.1496582, 3.9796658, 4.151903, 10.0, 62.15635, 174.7038
2018-03-30 00:00:00, , 0.2632141, 2.4637008, 9.033238, 10.0, 62.15635, 174.7038
2018-03-31 00:00:00, , 0.06741333, 4.5983253, 8.159983, 10.0, 62.15635, 174.7038
2018-04-01 00:00:00, , -1.8556213, -2.9432125, 3.6971703, 10.0, 62.15635, 174.7038
2018-04-02 00:00:00, , -1.5982971, -7.6364193, -2.0732765, 10.0, 62.15635, 174.7038
2018-04-03 00:00:00, , -0.48913574, -5.3859367, -5.1634884, 10.0, 62.15635, 174.7038
2018-04-04 00:00:00, , -3.146576, -7.017065, -8.125895, 10.0, 62.15635, 174.7038
2018-04-05 00:00:00, , -5.3908997, -5.169569, -8.511662, 10.0, 62.15635, 174.7038
2018-04-06 00:00:00, , -5.082062, -4.5498543, -5.5262485, 10.0, 62.15635, 174.7038
2018-04-07 00:00:00, , -3.8561707, -3.7390041, -0.055576682, 10.0, 62.15635, 174.7038
2018-04-08 00:00:00, , -2.8061829, -6.8874297, 0.75728357, 10.0, 62.15635, 174.7038
2018-04-09 00:00:00, , -1.9255066, -11.756577, -1.5351086, 10.0, 62.15635, 174.7038
2018-04-10 00:00:00, , -0.20443726, -9.7382965, -2.5978427, 10.0, 62.15635, 174.7038
2018-04-11 00:00:00, , -1.0193176, -5.871126, -5.574992, 10.0, 62.15635, 174.7038
2018-04-12 00:00:00, , -2.7048645, -5.2988214, -7.017022, 10.0, 62.15635, 174.7038
2018-04-13 00:00:00, , -4.4196777, -4.932271, -6.7424955, 10.0, 62.15635, 174.7038
2018-04-14 00:00:00, , -2.4840088, -7.263573, 1.0255489, 10.0, 62.15635, 174.7038
2018-04-15 00:00:00, , 0.5142822, -12.229122, 3.9841824, 10.0, 62.15635, 174.7038
2018-04-16 00:00:00, , 1.0682983, -7.1600037, 7.286865, 10.0, 62.15635, 174.7038
2018-04-17 00:00:00, , 0.6091919, -9.3613825, 1.3487415, 10.0, 62.15635, 174.7038
2018-04-18 00:00:00, , 0.5827942, -8.278206, -5.479147, 10.0, 62.15635, 174.7038
2018-04-19 00:00:00, , 0.40438843, -5.415974, -5.2924786, 10.0, 62.15635, 174.7038
2018-04-20 00:00:00, , -0.6904907, -4.298585, -6.9168477, 10.0, 62.15635, 174.7038
2018-04-21 00:00:00, , -3.106018, -6.7006273, -9.247064, 10.0, 62.15635, 174.7038
2018-04-22 00:00:00, , -2.812622, -6.9336343, -9.407512, 10.0, 62.15635, 174.7038
2018-04-23 00:00:00, , -0.7677002, -11.164159, -7.744973, 10.0, 62.15635, 174.7038
2018-04-24 00:00:00, , -0.24319458, -7.395449, -5.1333437, 10.0, 62.15635, 174.7038
2018-04-25 00:00:00, , -1.1463623, 5.9473724, -5.1738276, 10.0, 62.15635, 174.7038
2018-04-26 00:00:00, , -0.5314636, 8.438375, -1.2560753, 10.0, 62.15635, 174.7038
2018-04-27 00:00:00, , -0.77511597, 0.010694623, -0.29170096, 10.0, 62.15635, 174.7038
2018-04-28 00:00:00, , -0.20452881, -10.060736, -1.5223427, 10.0, 62.15635, 174.7038
2018-04-29 00:00:00, , 0.08425903, -11.722806, -2.804578, 10.0, 62.15635, 174.7038
2018-04-30 00:00:00, , -0.13079834, 0.5620873, -8.317847, 10.0, 62.15635, 174.7038
2018-05-01 00:00:00, , -0.40231323, 4.950882, -1.9380604, 10.0, 62.15635, 174.7038
2018-05-02 00:00:00, , -0.40127563, -2.7008262, -1.1440433, 10.0, 62.15635, 174.7038
2018-05-03 00:00:00, , -0.6000061, -4.833464, -4.3475976, 10.0, 62.15635, 174.7038
2018-05-04 00:00:00, , -1.632721, 0.171381, -9.095587, 10.0, 62.15635, 174.7038
2018-05-05 00:00:00, , -1.6065063, 2.634632, -10.678104, 10.0, 62.15635, 174.7038
2018-05-06 00:00:00, , -1.6799011, 0.7655411, -4.226245, 10.0, 62.15635, 174.7038
2018-05-07 00:00:00, , -0.79745483, -7.1196775, -2.4864254, 10.0, 62.15635, 174.7038
2018-05-08 00:00:00, , 0.32595825, -11.68292, -4.6654673, 10.0, 62.15635, 174.7038
2018-05-09 00:00:00, , 0.42147827, -7.095669, -4.3187165, 10.0, 62.15635, 174.7038
2018-05-10 00:00:00, , 0.5882263, -1.4920737, -2.461729, 10.0, 62.15635, 174.7038
2018-05-11 00:00:00, , 0.35565186, 2.799993, -3.9162884, 10.0, 62.15635, 174.7038
2018-05-12 00:00:00, , 0.4658203, 3.5986311, -5.529767, 10.0, 62.15635, 174.7038
2018-05-13 00:00:00, , 0.24630737, 4.1635113, -5.717132, 10.0, 62.15635, 174.7038
2018-05-14 00:00:00, , -0.13085938, 5.664403, -3.9373255, 10.0, 62.15635, 174.7038
2018-05-15 00:00:00, , 0.33276367, 0.4908018, -1.3400005, 10.0, 62.15635, 174.7038
2018-05-16 00:00:00, , 0.8069153, 2.6989832, -1.6118227, 10.0, 62.15635, 174.7038
2018-05-17 00:00:00, , 1.3071594, 0.49241066, 0.6512855, 10.0, 62.15635, 174.7038
2018-05-18 00:00:00, , 0.7227478, -1.6325436, -4.7833576, 10.0, 62.15635, 174.7038
2018-05-19 00:00:00, , 1.595459, -2.9275546, -8.250341, 10.0, 62.15635, 174.7038
2018-05-20 00:00:00, , 1.6945496, 2.0404897, -6.052965, 10.0, 62.15635, 174.7038
2018-05-21 00:00:00, , 1.3905029, 2.4816012, -5.03271, 10.0, 62.15635, 174.7038
2018-05-22 00:00:00, , -0.6346741, 0.21940112, -1.3350164, 10.0, 62.15635, 174.7038
2018-05-23 00:00:00, , 0.062469482, -6.176717, -1.0780705, 10.0, 62.15635, 174.7038
2018-05-24 00:00:00, , 1.1387634, -4.8956347, -4.2980413, 10.0, 62.15635, 174.7038
2018-05-25 00:00:00, , 0.18463135, 2.10725, -3.8147674, 10.0, 62.15635, 174.7038
2018-05-26 00:00:00, , 0.96173096, 4.5633783, -1.7370975, 10.0, 62.15635, 174.7038
2018-05-27 00:00:00, , 1.9522705, 2.5608733, 1.2162504, 10.0, 62.15635, 174.7038
2018-05-28 00:00:00, , 2.1211243, -4.8593764, 3.9635677, 10.0, 62.15635, 174.7038
2018-05-29 00:00:00, , 2.139557, -10.740535, 1.038574, 10.0, 62.15635, 174.7038
2018-05-30 00:00:00, , 2.9964294, -6.895368, 0.8245454, 10.0, 62.15635, 174.7038
2018-05-31 00:00:00, , 2.8216858, -2.4892423, -1.5566581, 10.0, 62.15635, 174.7038
2018-06-01 00:00:00, , 2.9822693, -2.8572226, 5.161768, 10.0, 62.15635, 174.7038
2018-06-02 00:00:00, , 2.5095215, -8.016851, 6.8503284, 10.0, 62.15635, 174.7038
2018-06-03 00:00:00, , 2.6791687, -11.254633, 6.495392, 10.0, 62.15635, 174.7038
2018-06-04 00:00:00, , 2.7752686, -6.3997946, 2.4415164, 10.0, 62.15635, 174.7038
2018-06-05 00:00:00, , 2.9466248, -1.9442997, -3.8339996, 10.0, 62.15635, 174.7038
2018-06-06 00:00:00, , 3.2352905, 3.5701928, -3.7276027, 10.0, 62.15635, 174.7038
2018-06-07 00:00:00, , 3.2766724, 2.8948088, -4.7758245, 10.0, 62.15635, 174.7038
2018-06-08 00:00:00, , 2.9693909, 2.575474, -3.807921, 10.0, 62.15635, 174.7038
2018-06-09 00:00:00, , 3.0318298, 0.23047435, -4.095051, 10.0, 62.15635, 174.7038
2018-06-10 00:00:00, , 3.4375916, 0.21878397, -4.421753, 10.0, 62.15635, 174.7038
2018-06-11 00:00:00, , 3.896759, -1.7870991, -4.0104103, 10.0, 62.15635, 174.7038
2018-06-12 00:00:00, , 4.0840454, 0.004603386, -3.967709, 10.0, 62.15635, 174.7038
2018-06-13 00:00:00, , 4.726227, 2.8573565, -0.6100136, 10.0, 62.15635, 174.7038
2018-06-14 00:00:00, , 5.361267, 1.6308422, 0.6272373, 10.0, 62.15635, 174.7038
2018-06-15 00:00:00, , 6.175049, -0.69140923, 1.7007941, 10.0, 62.15635, 174.7038
2018-06-16 00:00:00, , 5.223419, -4.518441, -4.942127, 10.0, 62.15635, 174.7038
2018-06-17 00:00:00, , 4.0828857, -1.7269619, -4.2744308, 10.0, 62.15635, 174.7038
2018-06-18 00:00:00, , 5.6369934, -0.9664335, -2.7155864, 10.0, 62.15635, 174.7038
2018-06-19 00:00:00, , 6.275177, -0.45570862, -6.216222, 10.0, 62.15635, 174.7038
2018-06-20 00:00:00, , 6.0261536, -2.6087341, -5.4776525, 10.0, 62.15635, 174.7038
2018-06-21 00:00:00, , 6.115082, -1.9111041, -3.8150334, 10.0, 62.15635, 174.7038
2018-06-22 00:00:00, , 6.396057, 0.74580646, -5.197236, 10.0, 62.15635, 174.7038
2018-06-23 00:00:00, , 6.4520264, -4.293933, 4.033537, 10.0, 62.15635, 174.7038
2018-06-24 00:00:00, , 6.2862854, -5.0125804, 5.3915987, 10.0, 62.15635, 174.7038
2018-06-25 00:00:00, , 5.954773, -4.4237876, 1.1798532, 10.0, 62.15635, 174.7038
2018-06-26 00:00:00, , 6.0021057, -3.5823045, -4.9980793, 10.0, 62.15635, 174.7038
2018-06-27 00:00:00, , 6.1543884, -2.9214258, -4.4254174, 10.0, 62.15635, 174.7038
2018-06-28 00:00:00, , 6.387787, -0.11345935, -0.7181374, 10.0, 62.15635, 174.7038
2018-06-29 00:00:00, , 6.0230713, 0.9518311, 2.6312313, 10.0, 62.15635, 174.7038
2018-06-30 00:00:00, , 6.3985596, 0.29282606, 6.393918, 10.0, 62.15635, 174.7038
2018-07-01 00:00:00, , 6.935486, 2.2976944, 4.6496983, 10.0, 62.15635, 174.7038
2018-07-02 00:00:00, , 5.65152, 2.4701865, 5.9442625, 10.0, 62.15635, 174.7038
2018-07-03 00:00:00, , 6.4746704, -1.2324854, 4.102457, 10.0, 62.15635, 174.7038
2018-07-04 00:00:00, , 6.698639, -4.9813747, -0.53089786, 10.0, 62.15635, 174.7038
2018-07-05 00:00:00, , 7.4388733, -0.8735355, 0.15061378, 10.0, 62.15635, 174.7038
2018-07-06 00:00:00, , 7.881653, 0.061630845, 1.6563641, 10.0, 62.15635, 174.7038
2018-07-07 00:00:00, , 7.838196, -4.744817, -2.3585284, 10.0, 62.15635, 174.7038
2018-07-08 00:00:00, , 7.840973, -2.8782003, -10.388781, 10.0, 62.15635, 174.7038
2018-07-09 00:00:00, , 7.7836914, 1.2600859, -11.446188, 10.0, 62.15635, 174.7038
2018-07-10 00:00:00, , 8.162048, 2.3560367, -7.1229587, 10.0, 62.15635, 174.7038
2018-07-11 00:00:00, , 7.7872925, 0.68851745, 0.0993911, 10.0, 62.15635, 174.7038
2018-07-12 00:00:00, , 7.393585, -6.1587076, 2.5854506, 10.0, 62.15635, 174.7038
2018-07-13 00:00:00, , 7.3754272, -6.3127365, -1.945794, 10.0, 62.15635, 174.7038
2018-07-14 00:00:00, , 7.622711, 0.9956205, -3.060965, 10.0, 62.15635, 174.7038
2018-07-15 00:00:00, , 7.2874756, 4.5364428, 5.3680487, 10.0, 62.15635, 174.7038
2018-07-16 00:00:00, , 7.908844, 2.481849, -0.22554147, 10.0, 62.15635, 174.7038
2018-07-17 00:00:00, , 7.2851562, 2.4662354, 6.0930805, 10.0, 62.15635, 174.7038
2018-07-18 00:00:00, , 7.9372864, 0.74904084, 7.8306713, 10.0, 62.15635, 174.7038
2018-07-19 00:00:00, , 8.403137, 0.73087406, 7.1592994, 10.0, 62.15635, 174.7038
2018-07-20 00:00:00, , 8.4183655, -3.764256, 6.1320434, 10.0, 62.15635, 174.7038
2018-07-21 00:00:00, , 8.352875, -6.1409636, 2.8059945, 10.0, 62.15635, 174.7038
2018-07-22 00:00:00, , 8.402924, -3.8218007, 4.478726, 10.0, 62.15635, 174.7038
2018-07-23 00:00:00, , 8.471344, -1.1904607, -1.6377277, 10.0, 62.15635, 174.7038
2018-07-24 00:00:00, , 8.850128, 2.2582598, 0.25361025, 10.0, 62.15635, 174.7038
2018-07-25 00:00:00, , 8.850037, 3.6360269, 4.2647696, 10.0, 62.15635, 174.7038
2018-07-26 00:00:00, , 8.852875, 0.046458244, 7.032696, 10.0, 62.15635, 174.7038
2018-07-27 00:00:00, , 9.003754, -5.3970275, 7.4933233, 10.0, 62.15635, 174.7038
2018-07-28 00:00:00, , 9.369171, -6.5140157, 0.8387946, 10.0, 62.15635, 174.7038
2018-07-29 00:00:00, , 9.656006, -6.2357426, -3.883935, 10.0, 62.15635, 174.7038
2018-07-30 00:00:00, , 9.82309, -7.5230684, -2.5324423, 10.0, 62.15635, 174.7038
2018-07-31 00:00:00, , 9.759125, -7.9088697, 0.57715523, 10.0, 62.15635, 174.7038
2018-08-01 00:00:00, , 9.328308, -3.2003527, 0.649503, 10.0, 62.15635, 174.7038
2018-08-02 00:00:00, , 9.397095, 3.054678, -1.1800799, 10.0, 62.15635, 174.7038
2018-08-03 00:00:00, , 9.870697, 0.7572923, -0.39501643, 10.0, 62.15635, 174.7038
2018-08-04 00:00:00, , 9.726685, -6.758809, 0.2016139, 10.0, 62.15635, 174.7038
2018-08-05 00:00:00, , 9.898834, -1.8531249, 0.84349823, 10.0, 62.15635, 174.7038
2018-08-06 00:00:00, , 9.957733, 2.6553044, -0.21916318, 10.0, 62.15635, 174.7038
2018-08-07 00:00:00, , 9.838135, 4.7395916, -0.87020147, 10.0, 62.15635, 174.7038
2018-08-08 00:00:00, , 9.334076, 3.6824894, 2.3932555, 10.0, 62.15635, 174.7038
2018-08-09 00:00:00, , 10.369568, 2.3692608, 2.5777793, 10.0, 62.15635, 174.7038
2018-08-10 00:00:00, , 10.619843, -0.3428074, 2.8112898, 10.0, 62.15635, 174.7038
2018-08-11 00:00:00, , 10.3359375, -0.32795572, -1.85097, 10.0, 62.15635, 174.7038
2018-08-12 00:00:00, , 10.17041, -0.23490465, -8.265701, 10.0, 62.15635, 174.7038
2018-08-13 00:00:00, , 10.526855, 6.6894717, -9.511892, 10.0, 62.15635, 174.7038
2018-08-14 00:00:00, , 9.916962, 1.4728476, -7.0282, 10.0, 62.15635, 174.7038
2018-08-15 00:00:00, , 10.35495, 2.732055, -5.811075, 10.0, 62.15635, 174.7038
2018-08-16 00:00:00, , 10.716339, 3.7255566, 1.3782798, 10.0, 62.15635, 174.7038
2018-08-17 00:00:00, , 9.71994, 6.65475, 3.5800636, 10.0, 62.15635, 174.7038
2018-08-18 00:00:00, , 9.707703, 6.173685, 3.9945834, 10.0, 62.15635, 174.7038
2018-08-19 00:00:00, , 8.912811, 3.3504574, 4.699835, 10.0, 62.15635, 174.7038
2018-08-20 00:00:00, , 8.719299, -4.606022, 3.7504256, 10.0, 62.15635, 174.7038
2018-08-21 00:00:00, , 9.945099, -6.8377476, 2.5090685, 10.0, 62.15635, 174.7038
2018-08-22 00:00:00, , 9.8602295, -9.328817, -1.3272239, 10.0, 62.15635, 174.7038
2018-08-23 00:00:00, , 9.835114, -5.142576, -0.82725465, 10.0, 62.15635, 174.7038
2018-08-24 00:00:00, , 9.781189, -1.5770416, -1.834029, 10.0, 62.15635, 174.7038
2018-08-25 00:00:00, , 9.886139, -1.3895081, 0.6215944, 10.0, 62.15635, 174.7038
2018-08-26 00:00:00, , 9.612152, -2.3508523, -6.7767797, 10.0, 62.15635, 174.7038
2018-08-27 00:00:00, , 10.094055, 4.3974376, 1.0833973, 10.0, 62.15635, 174.7038
2018-08-28 00:00:00, , 10.090668, 2.7270682, 5.059272, 10.0, 62.15635, 174.7038
2018-08-29 00:00:00, , 9.287079, -8.750822, -0.54949474, 10.0, 62.15635, 174.7038
2018-08-30 00:00:00, , 9.368927, -8.962315, -7.4392533, 10.0, 62.15635, 174.7038
2018-08-31 00:00:00, , 9.873444, -1.2350297, -6.1211205, 10.0, 62.15635, 174.7038
