[H[2J[3Jtime, , AT_21, WU_422, WV_423, depth, latitude, longitude
, , AIR TEMPERATURE (C), WIND U (M/S)             , WIND V (M/S)             , , , 
time, , C, m s-1, m s-1, m, degree_north, degree_west
2020-01-01 00:00:00, , -4.049988, 0.5, -13.2, 0.0, 59.9986, 178.125
2020-01-01 06:00:00, , -3.350006, 1.5, -13.4, 0.0, 59.9986, 178.125
2020-01-01 12:00:00, , -4.049988, 4.4, -14.7, 0.0, 59.9986, 178.125
2020-01-01 18:00:00, , -4.350006, 4.2, -15.6, 0.0, 59.9986, 178.125
2020-01-02 00:00:00, , -4.25, 2.4, -17.2, 0.0, 59.9986, 178.125
2020-01-02 06:00:00, , -3.9499817, 0.6, -17.4, 0.0, 59.9986, 178.125
2020-01-02 12:00:00, , -2.5499878, -1.7, -18.2, 0.0, 59.9986, 178.125
2020-01-02 18:00:00, , -2.649994, -2.1, -17.5, 0.0, 59.9986, 178.125
2020-01-03 00:00:00, , -2.4499817, -3.6, -16.6, 0.0, 59.9986, 178.125
2020-01-03 06:00:00, , -2.4499817, -5.3, -14.5, 0.0, 59.9986, 178.125
2020-01-03 12:00:00, , -3.4499817, -5.7, -14.3, 0.0, 59.9986, 178.125
2020-01-03 18:00:00, , -3.149994, -4.5, -10.8, 0.0, 59.9986, 178.125
2020-01-04 00:00:00, , -2.350006, -4.6, -9.7, 0.0, 59.9986, 178.125
2020-01-04 06:00:00, , -2.0499878, -4.5, -7.9, 0.0, 59.9986, 178.125
2020-01-04 12:00:00, , -2.350006, -5.9, -8.1, 0.0, 59.9986, 178.125
2020-01-04 18:00:00, , -3.350006, -6.2, -8.3, 0.0, 59.9986, 178.125
2020-01-05 00:00:00, , -3.4499817, -5.4, -7.4, 0.0, 59.9986, 178.125
2020-01-05 06:00:00, , -2.9499817, -4.6, -7.4, 0.0, 59.9986, 178.125
2020-01-05 12:00:00, , -3.350006, -3.4, -7.0, 0.0, 59.9986, 178.125
2020-01-05 18:00:00, , -3.149994, -2.3, -6.9, 0.0, 59.9986, 178.125
2020-01-06 00:00:00, , -2.75, -1.4, -6.7, 0.0, 59.9986, 178.125
2020-01-06 06:00:00, , -2.350006, -1.5, -3.2, 0.0, 59.9986, 178.125
2020-01-06 12:00:00, , -2.350006, -2.9, -3.9, 0.0, 59.9986, 178.125
2020-01-06 18:00:00, , -1.3500061, -3.5, 1.6, 0.0, 59.9986, 178.125
2020-01-07 00:00:00, , -0.5499878, -7.6, 1.5, 0.0, 59.9986, 178.125
2020-01-07 06:00:00, , -0.6499939, -7.9, 1.6, 0.0, 59.9986, 178.125
2020-01-07 12:00:00, , -0.3500061, -9.4, 1.4, 0.0, 59.9986, 178.125
2020-01-07 18:00:00, , -1.5499878, -10.7, 0.8, 0.0, 59.9986, 178.125
2020-01-08 00:00:00, , -2.4499817, -11.4, -1.3, 0.0, 59.9986, 178.125
2020-01-08 06:00:00, , -2.5499878, -14.3, -3.1, 0.0, 59.9986, 178.125
2020-01-08 12:00:00, , -2.350006, -16.2, -4.2, 0.0, 59.9986, 178.125
2020-01-08 18:00:00, , -0.6499939, -19.4, -4.3, 0.0, 59.9986, 178.125
2020-01-09 00:00:00, , 1.3500061, -21.7, -2.4, 0.0, 59.9986, 178.125
2020-01-09 06:00:00, , 1.5500183, -18.9, -2.0, 0.0, 59.9986, 178.125
2020-01-09 12:00:00, , 2.649994, -18.1, 0.5, 0.0, 59.9986, 178.125
2020-01-09 18:00:00, , 4.0500183, -13.3, 4.7, 0.0, 59.9986, 178.125
2020-01-10 00:00:00, , 4.950012, -8.6, 9.7, 0.0, 59.9986, 178.125
2020-01-10 06:00:00, , 4.5500183, -11.9, 7.1, 0.0, 59.9986, 178.125
2020-01-10 12:00:00, , 3.0500183, -21.5, -0.2, 0.0, 59.9986, 178.125
2020-01-10 18:00:00, , 3.75, -16.1, 5.0, 0.0, 59.9986, 178.125
2020-01-11 00:00:00, , 4.25, -1.6, 15.1, 0.0, 59.9986, 178.125
2020-01-11 06:00:00, , 3.350006, -3.3, 17.6, 0.0, 59.9986, 178.125
2020-01-11 12:00:00, , 2.649994, -5.4, 16.2, 0.0, 59.9986, 178.125
2020-01-11 18:00:00, , 2.850006, -2.9, 16.0, 0.0, 59.9986, 178.125
2020-01-12 00:00:00, , 2.4500122, 8.1, 12.4, 0.0, 59.9986, 178.125
2020-01-12 06:00:00, , 2.149994, 13.5, 10.5, 0.0, 59.9986, 178.125
2020-01-12 12:00:00, , 1.4500122, 15.3, 7.6, 0.0, 59.9986, 178.125
2020-01-12 18:00:00, , 1.0500183, 16.7, 4.9, 0.0, 59.9986, 178.125
2020-01-13 00:00:00, , 0.75, 14.8, 3.0, 0.0, 59.9986, 178.125
2020-01-13 06:00:00, , 0.1499939, 13.3, 0.5, 0.0, 59.9986, 178.125
2020-01-13 12:00:00, , -0.1499939, 10.1, -1.1, 0.0, 59.9986, 178.125
2020-01-13 18:00:00, , 0.9500122, 7.3, 3.2, 0.0, 59.9986, 178.125
2020-01-14 00:00:00, , 1.6499939, 4.1, 8.1, 0.0, 59.9986, 178.125
2020-01-14 06:00:00, , 2.149994, 0.3, 10.8, 0.0, 59.9986, 178.125
2020-01-14 12:00:00, , 2.0500183, -11.6, 13.3, 0.0, 59.9986, 178.125
2020-01-14 18:00:00, , 2.149994, -13.6, 14.8, 0.0, 59.9986, 178.125
2020-01-15 00:00:00, , 2.75, -18.5, 14.7, 0.0, 59.9986, 178.125
2020-01-15 06:00:00, , 3.149994, -12.6, 16.1, 0.0, 59.9986, 178.125
2020-01-15 12:00:00, , 3.0500183, -9.0, 12.1, 0.0, 59.9986, 178.125
2020-01-15 18:00:00, , 2.75, -10.7, 9.8, 0.0, 59.9986, 178.125
2020-01-16 00:00:00, , 2.649994, -9.9, 7.2, 0.0, 59.9986, 178.125
2020-01-16 06:00:00, , 2.5500183, -8.6, 7.5, 0.0, 59.9986, 178.125
2020-01-16 12:00:00, , 2.350006, 1.1, 7.0, 0.0, 59.9986, 178.125
2020-01-16 18:00:00, , 1.8500061, 2.3, 2.7, 0.0, 59.9986, 178.125
2020-01-17 00:00:00, , 2.25, -2.6, -1.9, 0.0, 59.9986, 178.125
2020-01-17 06:00:00, , 2.350006, -3.4, -2.1, 0.0, 59.9986, 178.125
2020-01-17 12:00:00, , 2.5500183, -3.7, -0.2, 0.0, 59.9986, 178.125
2020-01-17 18:00:00, , 2.649994, -3.3, 1.1, 0.0, 59.9986, 178.125
2020-01-18 00:00:00, , 2.649994, -3.5, -0.1, 0.0, 59.9986, 178.125
2020-01-18 06:00:00, , 2.75, -3.6, 1.3, 0.0, 59.9986, 178.125
2020-01-18 12:00:00, , 2.350006, -3.3, -0.1, 0.0, 59.9986, 178.125
2020-01-18 18:00:00, , 1.5500183, 0.4, 0.2, 0.0, 59.9986, 178.125
2020-01-19 00:00:00, , 1.3500061, 2.5, 0.2, 0.0, 59.9986, 178.125
2020-01-19 06:00:00, , 1.4500122, 7.4, -0.1, 0.0, 59.9986, 178.125
2020-01-19 12:00:00, , -0.049987793, 9.7, -1.7, 0.0, 59.9986, 178.125
2020-01-19 18:00:00, , -0.5499878, 9.5, 0.3, 0.0, 59.9986, 178.125
2020-01-20 00:00:00, , -1.6499939, 8.1, 0.7, 0.0, 59.9986, 178.125
2020-01-20 06:00:00, , -2.25, 7.1, -0.7, 0.0, 59.9986, 178.125
2020-01-20 12:00:00, , -3.75, 6.8, -2.7, 0.0, 59.9986, 178.125
2020-01-20 18:00:00, , -4.25, 8.2, -2.2, 0.0, 59.9986, 178.125
2020-01-21 00:00:00, , -4.649994, 7.9, -3.0, 0.0, 59.9986, 178.125
2020-01-21 06:00:00, , -4.049988, 8.4, -2.2, 0.0, 59.9986, 178.125
2020-01-21 12:00:00, , -4.049988, 9.7, -2.6, 0.0, 59.9986, 178.125
2020-01-21 18:00:00, , -3.850006, 9.1, -2.0, 0.0, 59.9986, 178.125
2020-01-22 00:00:00, , -3.649994, 7.8, -2.3, 0.0, 59.9986, 178.125
2020-01-22 06:00:00, , -3.149994, 7.0, -3.3, 0.0, 59.9986, 178.125
2020-01-22 12:00:00, , -3.25, 3.9, -2.0, 0.0, 59.9986, 178.125
2020-01-22 18:00:00, , -2.9499817, 0.2, -0.7, 0.0, 59.9986, 178.125
2020-01-23 00:00:00, , -0.9499817, -3.8, -3.5, 0.0, 59.9986, 178.125
2020-01-23 06:00:00, , 0.3500061, -8.2, 1.2, 0.0, 59.9986, 178.125
2020-01-23 12:00:00, , 0.9500122, -9.9, 3.2, 0.0, 59.9986, 178.125
2020-01-23 18:00:00, , 1.1499939, -12.9, 3.6, 0.0, 59.9986, 178.125
2020-01-24 00:00:00, , 1.0500183, -12.9, 0.7, 0.0, 59.9986, 178.125
2020-01-24 06:00:00, , 0.8500061, -14.7, 1.3, 0.0, 59.9986, 178.125
2020-01-24 12:00:00, , 1.0500183, -15.3, 2.2, 0.0, 59.9986, 178.125
2020-01-24 18:00:00, , 0.05001831, -16.0, 1.5, 0.0, 59.9986, 178.125
2020-01-25 00:00:00, , -0.75, -15.9, -0.1, 0.0, 59.9986, 178.125
2020-01-25 06:00:00, , -0.6499939, -17.4, 1.3, 0.0, 59.9986, 178.125
2020-01-25 12:00:00, , -0.8500061, -16.3, 1.2, 0.0, 59.9986, 178.125
2020-01-25 18:00:00, , -0.4499817, -16.0, 2.5, 0.0, 59.9986, 178.125
2020-01-26 00:00:00, , -0.5499878, -14.4, 2.8, 0.0, 59.9986, 178.125
2020-01-26 06:00:00, , -0.4499817, -12.9, 2.2, 0.0, 59.9986, 178.125
2020-01-26 12:00:00, , -1.25, -12.1, -1.5, 0.0, 59.9986, 178.125
2020-01-26 18:00:00, , -0.8500061, -10.6, -0.3, 0.0, 59.9986, 178.125
2020-01-27 00:00:00, , -1.3500061, -10.6, -4.9, 0.0, 59.9986, 178.125
2020-01-27 06:00:00, , -1.6499939, -8.9, -4.1, 0.0, 59.9986, 178.125
2020-01-27 12:00:00, , -1.4499817, -6.9, -5.2, 0.0, 59.9986, 178.125
2020-01-27 18:00:00, , -1.75, -3.3, -5.2, 0.0, 59.9986, 178.125
2020-01-28 00:00:00, , -0.75, -1.3, -9.0, 0.0, 59.9986, 178.125
2020-01-28 06:00:00, , -0.8500061, -2.8, -9.1, 0.0, 59.9986, 178.125
2020-01-28 12:00:00, , -1.9499817, -4.6, -9.2, 0.0, 59.9986, 178.125
2020-01-28 18:00:00, , -2.5499878, -1.5, -7.6, 0.0, 59.9986, 178.125
2020-01-29 00:00:00, , -0.9499817, 2.0, -7.1, 0.0, 59.9986, 178.125
2020-01-29 06:00:00, , -1.25, -0.5, -6.6, 0.0, 59.9986, 178.125
2020-01-29 12:00:00, , -1.4499817, 1.8, -5.4, 0.0, 59.9986, 178.125
2020-01-29 18:00:00, , -1.9499817, -0.7, -2.2, 0.0, 59.9986, 178.125
2020-01-30 00:00:00, , -1.5499878, -1.4, -0.6, 0.0, 59.9986, 178.125
2020-01-30 06:00:00, , -1.4499817, -3.9, 5.0, 0.0, 59.9986, 178.125
2020-01-30 12:00:00, , -0.5499878, -3.7, 5.8, 0.0, 59.9986, 178.125
2020-01-30 18:00:00, , -0.049987793, -6.1, 7.8, 0.0, 59.9986, 178.125
2020-01-31 00:00:00, , 0.4500122, -5.8, 7.8, 0.0, 59.9986, 178.125
2020-01-31 06:00:00, , 1.5500183, -5.0, 8.6, 0.0, 59.9986, 178.125
2020-01-31 12:00:00, , 1.75, -1.8, 9.2, 0.0, 59.9986, 178.125
2020-01-31 18:00:00, , 2.149994, 1.1, 7.3, 0.0, 59.9986, 178.125
2020-02-01 00:00:00, , 0.9500122, 2.9, 1.4, 0.0, 59.9986, 178.125
2020-02-01 06:00:00, , -0.049987793, 1.7, -6.0, 0.0, 59.9986, 178.125
2020-02-01 12:00:00, , 0.25, -4.6, -6.6, 0.0, 59.9986, 178.125
2020-02-01 18:00:00, , -0.5499878, -9.3, -9.5, 0.0, 59.9986, 178.125
2020-02-02 00:00:00, , -1.6499939, -12.2, -14.7, 0.0, 59.9986, 178.125
2020-02-02 06:00:00, , -2.0499878, -14.7, -18.0, 0.0, 59.9986, 178.125
2020-02-02 12:00:00, , -2.4499817, -14.7, -19.8, 0.0, 59.9986, 178.125
2020-02-02 18:00:00, , -2.0499878, -13.4, -18.8, 0.0, 59.9986, 178.125
2020-02-03 00:00:00, , -2.25, -13.1, -17.1, 0.0, 59.9986, 178.125
2020-02-03 06:00:00, , -1.75, -11.4, -16.6, 0.0, 59.9986, 178.125
2020-02-03 12:00:00, , -1.3500061, -10.9, -13.8, 0.0, 59.9986, 178.125
2020-02-03 18:00:00, , -0.8500061, -9.1, -13.6, 0.0, 59.9986, 178.125
2020-02-04 00:00:00, , -1.5499878, -8.3, -13.1, 0.0, 59.9986, 178.125
2020-02-04 06:00:00, , -0.8500061, -7.9, -10.4, 0.0, 59.9986, 178.125
2020-02-04 12:00:00, , -1.0499878, -10.2, -9.9, 0.0, 59.9986, 178.125
2020-02-04 18:00:00, , -1.6499939, -10.7, -9.1, 0.0, 59.9986, 178.125
2020-02-05 00:00:00, , -2.649994, -10.6, -9.5, 0.0, 59.9986, 178.125
2020-02-05 06:00:00, , -3.149994, -10.7, -10.9, 0.0, 59.9986, 178.125
2020-02-05 12:00:00, , -4.649994, -11.4, -10.5, 0.0, 59.9986, 178.125
2020-02-05 18:00:00, , -5.549988, -11.5, -11.6, 0.0, 59.9986, 178.125
2020-02-06 00:00:00, , -5.850006, -10.2, -12.5, 0.0, 59.9986, 178.125
2020-02-06 06:00:00, , -6.149994, -10.2, -10.5, 0.0, 59.9986, 178.125
2020-02-06 12:00:00, , -6.549988, -10.2, -11.7, 0.0, 59.9986, 178.125
2020-02-06 18:00:00, , -6.350006, -10.2, -10.9, 0.0, 59.9986, 178.125
2020-02-07 00:00:00, , -7.049988, -10.5, -10.2, 0.0, 59.9986, 178.125
2020-02-07 06:00:00, , -7.350006, -11.6, -9.6, 0.0, 59.9986, 178.125
2020-02-07 12:00:00, , -7.850006, -9.4, -11.8, 0.0, 59.9986, 178.125
2020-02-07 18:00:00, , -9.850006, -10.1, -13.1, 0.0, 59.9986, 178.125
2020-02-08 00:00:00, , -9.149994, -8.4, -15.3, 0.0, 59.9986, 178.125
2020-02-08 06:00:00, , -10.149994, -5.7, -14.5, 0.0, 59.9986, 178.125
2020-02-08 12:00:00, , -11.350006, -2.6, -14.4, 0.0, 59.9986, 178.125
2020-02-08 18:00:00, , -12.649994, -0.1, -11.2, 0.0, 59.9986, 178.125
2020-02-09 00:00:00, , -12.649994, 1.6, -9.2, 0.0, 59.9986, 178.125
2020-02-09 06:00:00, , -11.25, 3.6, -6.9, 0.0, 59.9986, 178.125
2020-02-09 12:00:00, , -10.649994, 3.2, -4.3, 0.0, 59.9986, 178.125
2020-02-09 18:00:00, , -9.850006, 1.3, -4.2, 0.0, 59.9986, 178.125
2020-02-10 00:00:00, , -7.649994, -4.7, -1.8, 0.0, 59.9986, 178.125
2020-02-10 06:00:00, , -4.049988, -12.0, -0.6, 0.0, 59.9986, 178.125
2020-02-10 12:00:00, , -3.4499817, -19.0, -1.4, 0.0, 59.9986, 178.125
2020-02-10 18:00:00, , -2.350006, -20.0, -1.1, 0.0, 59.9986, 178.125
2020-02-11 00:00:00, , -0.049987793, -15.3, 2.0, 0.0, 59.9986, 178.125
2020-02-11 06:00:00, , 1.25, -12.0, 1.4, 0.0, 59.9986, 178.125
2020-02-11 12:00:00, , 2.0500183, -13.6, 3.5, 0.0, 59.9986, 178.125
2020-02-11 18:00:00, , 1.25, -14.8, 4.2, 0.0, 59.9986, 178.125
2020-02-12 00:00:00, , -0.1499939, -13.1, 3.1, 0.0, 59.9986, 178.125
2020-02-12 06:00:00, , -1.1499939, -11.7, 3.7, 0.0, 59.9986, 178.125
2020-02-12 12:00:00, , -1.1499939, -10.3, 3.8, 0.0, 59.9986, 178.125
2020-02-12 18:00:00, , -1.0499878, -10.0, 3.7, 0.0, 59.9986, 178.125
2020-02-13 00:00:00, , -0.6499939, -11.8, 0.8, 0.0, 59.9986, 178.125
2020-02-13 06:00:00, , -1.25, -15.7, -1.7, 0.0, 59.9986, 178.125
2020-02-13 12:00:00, , -1.75, -18.7, -2.2, 0.0, 59.9986, 178.125
2020-02-13 18:00:00, , -1.9499817, -17.8, -4.4, 0.0, 59.9986, 178.125
2020-02-14 00:00:00, , -1.25, -16.9, -6.1, 0.0, 59.9986, 178.125
2020-02-14 06:00:00, , -2.149994, -17.7, -9.0, 0.0, 59.9986, 178.125
2020-02-14 12:00:00, , -1.9499817, -16.7, -8.7, 0.0, 59.9986, 178.125
2020-02-14 18:00:00, , -1.6499939, -16.0, -9.5, 0.0, 59.9986, 178.125
2020-02-15 00:00:00, , -2.149994, -14.2, -10.8, 0.0, 59.9986, 178.125
2020-02-15 06:00:00, , -1.5499878, -11.2, -9.7, 0.0, 59.9986, 178.125
2020-02-15 12:00:00, , -0.8500061, -9.6, -7.7, 0.0, 59.9986, 178.125
2020-02-15 18:00:00, , -0.5499878, -5.9, -5.8, 0.0, 59.9986, 178.125
2020-02-16 00:00:00, , -0.9499817, -4.6, -6.5, 0.0, 59.9986, 178.125
2020-02-16 06:00:00, , -1.1499939, -2.8, -2.9, 0.0, 59.9986, 178.125
2020-02-16 12:00:00, , -1.6499939, -3.9, -4.3, 0.0, 59.9986, 178.125
2020-02-16 18:00:00, , -0.8500061, -5.2, -6.3, 0.0, 59.9986, 178.125
2020-02-17 00:00:00, , -2.149994, -5.1, -10.7, 0.0, 59.9986, 178.125
2020-02-17 06:00:00, , -4.049988, -2.7, -13.4, 0.0, 59.9986, 178.125
2020-02-17 12:00:00, , -5.25, -1.0, -13.8, 0.0, 59.9986, 178.125
2020-02-17 18:00:00, , -6.049988, 2.6, -14.1, 0.0, 59.9986, 178.125
2020-02-18 00:00:00, , -6.25, 2.4, -12.1, 0.0, 59.9986, 178.125
2020-02-18 06:00:00, , -7.75, 1.6, -11.3, 0.0, 59.9986, 178.125
2020-02-18 12:00:00, , -9.149994, 0.2, -10.6, 0.0, 59.9986, 178.125
2020-02-18 18:00:00, , -9.449982, -2.2, -9.7, 0.0, 59.9986, 178.125
2020-02-19 00:00:00, , -9.649994, -2.5, -10.8, 0.0, 59.9986, 178.125
2020-02-19 06:00:00, , -10.949982, -3.6, -11.0, 0.0, 59.9986, 178.125
2020-02-19 12:00:00, , -12.149994, -1.7, -12.9, 0.0, 59.9986, 178.125
2020-02-19 18:00:00, , -12.649994, -0.4, -13.9, 0.0, 59.9986, 178.125
2020-02-20 00:00:00, , -11.75, 0.8, -15.6, 0.0, 59.9986, 178.125
2020-02-20 06:00:00, , -11.649994, 0.3, -13.7, 0.0, 59.9986, 178.125
2020-02-20 12:00:00, , -11.149994, 2.1, -12.9, 0.0, 59.9986, 178.125
2020-02-20 18:00:00, , -10.850006, 2.2, -10.9, 0.0, 59.9986, 178.125
2020-02-21 00:00:00, , -10.149994, 4.1, -9.2, 0.0, 59.9986, 178.125
2020-02-21 06:00:00, , -10.549988, 3.0, -7.0, 0.0, 59.9986, 178.125
2020-02-21 12:00:00, , -9.549988, 5.6, -4.8, 0.0, 59.9986, 178.125
2020-02-21 18:00:00, , -8.449982, 5.2, -4.1, 0.0, 59.9986, 178.125
2020-02-22 00:00:00, , -6.9499817, 6.7, -0.5, 0.0, 59.9986, 178.125
2020-02-22 06:00:00, , -6.25, 5.0, -0.2, 0.0, 59.9986, 178.125
2020-02-22 12:00:00, , -7.049988, 1.8, 0.0, 0.0, 59.9986, 178.125
2020-02-22 18:00:00, , -4.549988, 0.9, 3.8, 0.0, 59.9986, 178.125
2020-02-23 00:00:00, , -1.9499817, -4.8, 5.8, 0.0, 59.9986, 178.125
2020-02-23 06:00:00, , -0.6499939, -4.3, 3.9, 0.0, 59.9986, 178.125
2020-02-23 12:00:00, , -0.75, -6.7, -0.4, 0.0, 59.9986, 178.125
2020-02-23 18:00:00, , 0.1499939, -6.0, 1.5, 0.0, 59.9986, 178.125
2020-02-24 00:00:00, , 1.1499939, -3.5, 5.0, 0.0, 59.9986, 178.125
2020-02-24 06:00:00, , 1.6499939, -3.2, 6.0, 0.0, 59.9986, 178.125
2020-02-24 12:00:00, , 1.75, -4.9, 6.3, 0.0, 59.9986, 178.125
2020-02-24 18:00:00, , 0.9500122, -8.4, 4.5, 0.0, 59.9986, 178.125
2020-02-25 00:00:00, , -1.0499878, -12.8, -0.9, 0.0, 59.9986, 178.125
2020-02-25 06:00:00, , -3.149994, -12.7, -5.3, 0.0, 59.9986, 178.125
2020-02-25 12:00:00, , -3.5499878, -14.3, -5.3, 0.0, 59.9986, 178.125
2020-02-25 18:00:00, , -2.4499817, -14.8, -6.6, 0.0, 59.9986, 178.125
2020-02-26 00:00:00, , -1.0499878, -15.7, -5.9, 0.0, 59.9986, 178.125
2020-02-26 06:00:00, , -2.5499878, -14.0, -8.3, 0.0, 59.9986, 178.125
2020-02-26 12:00:00, , -3.9499817, -13.6, -8.4, 0.0, 59.9986, 178.125
2020-02-26 18:00:00, , -5.350006, -12.3, -7.9, 0.0, 59.9986, 178.125
2020-02-27 00:00:00, , -5.549988, -9.5, -8.8, 0.0, 59.9986, 178.125
2020-02-27 06:00:00, , -6.75, -9.1, -5.9, 0.0, 59.9986, 178.125
2020-02-27 12:00:00, , -6.4499817, -7.2, -6.2, 0.0, 59.9986, 178.125
2020-02-27 18:00:00, , -5.549988, -6.5, -3.0, 0.0, 59.9986, 178.125
2020-02-28 00:00:00, , -5.049988, -5.2, -4.2, 0.0, 59.9986, 178.125
2020-02-28 06:00:00, , -4.9499817, -5.2, -0.4, 0.0, 59.9986, 178.125
2020-02-28 12:00:00, , -3.649994, -6.5, -0.3, 0.0, 59.9986, 178.125
2020-02-28 18:00:00, , -2.25, -7.7, -1.7, 0.0, 59.9986, 178.125
2020-02-29 00:00:00, , -3.350006, -8.1, -7.0, 0.0, 59.9986, 178.125
2020-02-29 06:00:00, , -5.25, -7.6, -10.7, 0.0, 59.9986, 178.125
2020-02-29 12:00:00, , -7.9499817, -5.8, -14.2, 0.0, 59.9986, 178.125
2020-02-29 18:00:00, , -8.350006, -7.1, -16.3, 0.0, 59.9986, 178.125
2020-03-01 00:00:00, , -7.9499817, -5.2, -16.7, 0.0, 59.9986, 178.125
2020-03-01 06:00:00, , -8.350006, -1.0, -14.3, 0.0, 59.9986, 178.125
2020-03-01 12:00:00, , -8.049988, -0.2, -11.3, 0.0, 59.9986, 178.125
2020-03-01 18:00:00, , -7.25, -1.1, -9.2, 0.0, 59.9986, 178.125
2020-03-02 00:00:00, , -7.549988, -1.6, -8.0, 0.0, 59.9986, 178.125
2020-03-02 06:00:00, , -7.9499817, 0.6, -6.3, 0.0, 59.9986, 178.125
2020-03-02 12:00:00, , -7.9499817, 3.1, -4.3, 0.0, 59.9986, 178.125
2020-03-02 18:00:00, , -6.25, 5.6, -7.3, 0.0, 59.9986, 178.125
2020-03-03 00:00:00, , -7.549988, -0.1, -12.0, 0.0, 59.9986, 178.125
2020-03-03 06:00:00, , -10.149994, -0.6, -10.1, 0.0, 59.9986, 178.125
2020-03-03 12:00:00, , -10.350006, 2.7, -5.0, 0.0, 59.9986, 178.125
2020-03-03 18:00:00, , -5.75, 9.7, -2.6, 0.0, 59.9986, 178.125
2020-03-04 00:00:00, , -2.9499817, 10.9, -1.7, 0.0, 59.9986, 178.125
2020-03-04 06:00:00, , -1.9499817, 9.6, -0.3, 0.0, 59.9986, 178.125
2020-03-04 12:00:00, , -1.5499878, 6.8, 1.4, 0.0, 59.9986, 178.125
2020-03-04 18:00:00, , 0.05001831, 5.5, 3.1, 0.0, 59.9986, 178.125
2020-03-05 00:00:00, , -0.049987793, 1.7, 5.1, 0.0, 59.9986, 178.125
2020-03-05 06:00:00, , -0.25, -4.1, 4.5, 0.0, 59.9986, 178.125
2020-03-05 12:00:00, , -0.25, -7.6, 1.7, 0.0, 59.9986, 178.125
2020-03-05 18:00:00, , -0.3500061, -11.3, -3.3, 0.0, 59.9986, 178.125
2020-03-06 00:00:00, , -0.9499817, -11.3, -6.3, 0.0, 59.9986, 178.125
2020-03-06 06:00:00, , -2.649994, -6.9, -7.7, 0.0, 59.9986, 178.125
2020-03-06 12:00:00, , -3.850006, -5.3, -5.6, 0.0, 59.9986, 178.125
2020-03-06 18:00:00, , -3.75, -5.4, -2.6, 0.0, 59.9986, 178.125
2020-03-07 00:00:00, , -2.9499817, -8.0, 0.8, 0.0, 59.9986, 178.125
2020-03-07 06:00:00, , -3.25, -10.1, -1.6, 0.0, 59.9986, 178.125
2020-03-07 12:00:00, , -3.4499817, -11.6, -3.2, 0.0, 59.9986, 178.125
2020-03-07 18:00:00, , -3.5499878, -11.1, -6.3, 0.0, 59.9986, 178.125
2020-03-08 00:00:00, , -3.9499817, -10.1, -8.3, 0.0, 59.9986, 178.125
2020-03-08 06:00:00, , -5.25, -7.2, -9.5, 0.0, 59.9986, 178.125
2020-03-08 12:00:00, , -6.549988, -4.6, -10.3, 0.0, 59.9986, 178.125
2020-03-08 18:00:00, , -6.4499817, -1.8, -9.8, 0.0, 59.9986, 178.125
2020-03-09 00:00:00, , -6.350006, -0.8, -8.7, 0.0, 59.9986, 178.125
2020-03-09 06:00:00, , -6.9499817, -0.6, -4.6, 0.0, 59.9986, 178.125
2020-03-09 12:00:00, , -6.649994, 2.5, -0.8, 0.0, 59.9986, 178.125
2020-03-09 18:00:00, , -4.75, 0.2, 3.3, 0.0, 59.9986, 178.125
2020-03-10 00:00:00, , -1.3500061, 0.6, 4.8, 0.0, 59.9986, 178.125
2020-03-10 06:00:00, , -0.75, 0.2, 6.1, 0.0, 59.9986, 178.125
2020-03-10 12:00:00, , -0.5499878, -2.5, 5.8, 0.0, 59.9986, 178.125
2020-03-10 18:00:00, , 0.4500122, -5.5, 6.7, 0.0, 59.9986, 178.125
2020-03-11 00:00:00, , 0.75, -3.6, 4.4, 0.0, 59.9986, 178.125
2020-03-11 06:00:00, , 0.75, -0.1, 3.3, 0.0, 59.9986, 178.125
2020-03-11 12:00:00, , 0.5500183, 2.2, 4.8, 0.0, 59.9986, 178.125
2020-03-11 18:00:00, , 1.3500061, -0.2, 10.0, 0.0, 59.9986, 178.125
2020-03-12 00:00:00, , 1.1499939, -1.0, 15.7, 0.0, 59.9986, 178.125
2020-03-12 06:00:00, , 1.4500122, -3.5, 20.6, 0.0, 59.9986, 178.125
2020-03-12 12:00:00, , 1.3500061, -2.4, 21.0, 0.0, 59.9986, 178.125
2020-03-12 18:00:00, , 1.3500061, 0.2, 20.1, 0.0, 59.9986, 178.125
2020-03-13 00:00:00, , 1.3500061, 0.2, 16.0, 0.0, 59.9986, 178.125
2020-03-13 06:00:00, , 1.6499939, 1.6, 13.2, 0.0, 59.9986, 178.125
2020-03-13 12:00:00, , 1.5500183, 0.5, 8.9, 0.0, 59.9986, 178.125
2020-03-13 18:00:00, , 1.1499939, 1.2, 1.5, 0.0, 59.9986, 178.125
2020-03-14 00:00:00, , 0.8500061, -0.2, -1.7, 0.0, 59.9986, 178.125
2020-03-14 06:00:00, , 0.4500122, -1.4, -0.9, 0.0, 59.9986, 178.125
2020-03-14 12:00:00, , -0.6499939, -3.4, -2.3, 0.0, 59.9986, 178.125
2020-03-14 18:00:00, , 0.05001831, 0.4, -0.2, 0.0, 59.9986, 178.125
2020-03-15 00:00:00, , 0.6499939, 2.0, -0.8, 0.0, 59.9986, 178.125
2020-03-15 06:00:00, , 0.75, 2.9, -0.1, 0.0, 59.9986, 178.125
2020-03-15 12:00:00, , 0.8500061, 3.2, -0.4, 0.0, 59.9986, 178.125
2020-03-15 18:00:00, , 0.8500061, -1.2, -0.7, 0.0, 59.9986, 178.125
2020-03-16 00:00:00, , 1.0500183, -4.3, 0.7, 0.0, 59.9986, 178.125
2020-03-16 06:00:00, , 0.6499939, -6.5, 5.8, 0.0, 59.9986, 178.125
2020-03-16 12:00:00, , 0.5500183, -7.1, 6.9, 0.0, 59.9986, 178.125
2020-03-16 18:00:00, , 0.6499939, -8.4, 7.9, 0.0, 59.9986, 178.125
2020-03-17 00:00:00, , 1.1499939, -2.2, 7.6, 0.0, 59.9986, 178.125
2020-03-17 06:00:00, , 1.4500122, 5.7, 8.0, 0.0, 59.9986, 178.125
2020-03-17 12:00:00, , 1.25, 9.5, 6.8, 0.0, 59.9986, 178.125
2020-03-17 18:00:00, , 1.0500183, 1.5, 6.5, 0.0, 59.9986, 178.125
2020-03-18 00:00:00, , 1.5500183, -8.8, 9.9, 0.0, 59.9986, 178.125
2020-03-18 06:00:00, , 2.350006, -12.0, 15.5, 0.0, 59.9986, 178.125
2020-03-18 12:00:00, , 2.350006, -8.5, 17.5, 0.0, 59.9986, 178.125
2020-03-18 18:00:00, , 2.0500183, -5.5, 18.1, 0.0, 59.9986, 178.125
2020-03-19 00:00:00, , 2.0500183, -0.6, 18.2, 0.0, 59.9986, 178.125
2020-03-19 06:00:00, , 2.0500183, 5.3, 15.7, 0.0, 59.9986, 178.125
2020-03-19 12:00:00, , 1.4500122, 10.0, 13.2, 0.0, 59.9986, 178.125
2020-03-19 18:00:00, , 1.1499939, 10.1, 12.8, 0.0, 59.9986, 178.125
2020-03-20 00:00:00, , 1.25, 8.4, 10.3, 0.0, 59.9986, 178.125
2020-03-20 06:00:00, , 1.25, 5.6, 8.3, 0.0, 59.9986, 178.125
2020-03-20 12:00:00, , 1.1499939, 5.7, 5.3, 0.0, 59.9986, 178.125
2020-03-20 18:00:00, , 1.3500061, 6.8, 2.1, 0.0, 59.9986, 178.125
2020-03-21 00:00:00, , 0.8500061, 5.3, 0.6, 0.0, 59.9986, 178.125
2020-03-21 06:00:00, , 0.8500061, 4.8, -1.1, 0.0, 59.9986, 178.125
2020-03-21 12:00:00, , 0.5500183, 3.3, 1.5, 0.0, 59.9986, 178.125
2020-03-21 18:00:00, , 1.3500061, 1.9, 10.1, 0.0, 59.9986, 178.125
2020-03-22 00:00:00, , 1.8500061, 4.6, 11.5, 0.0, 59.9986, 178.125
2020-03-22 06:00:00, , 1.9500122, 5.7, 10.7, 0.0, 59.9986, 178.125
2020-03-22 12:00:00, , 1.75, 3.1, 9.9, 0.0, 59.9986, 178.125
2020-03-22 18:00:00, , 1.8500061, 3.4, 9.8, 0.0, 59.9986, 178.125
2020-03-23 00:00:00, , 1.75, 0.7, 9.7, 0.0, 59.9986, 178.125
2020-03-23 06:00:00, , 1.75, 0.4, 9.8, 0.0, 59.9986, 178.125
2020-03-23 12:00:00, , 1.9500122, -0.9, 7.2, 0.0, 59.9986, 178.125
2020-03-23 18:00:00, , 1.5500183, -1.2, 2.6, 0.0, 59.9986, 178.125
2020-03-24 00:00:00, , 1.3500061, -3.2, 1.8, 0.0, 59.9986, 178.125
2020-03-24 06:00:00, , 1.6499939, -4.4, 0.7, 0.0, 59.9986, 178.125
2020-03-24 12:00:00, , 1.8500061, -4.1, 1.9, 0.0, 59.9986, 178.125
2020-03-24 18:00:00, , 1.5500183, -2.1, -1.1, 0.0, 59.9986, 178.125
2020-03-25 00:00:00, , 1.75, -0.2, -4.4, 0.0, 59.9986, 178.125
2020-03-25 06:00:00, , 1.4500122, 1.0, -6.0, 0.0, 59.9986, 178.125
2020-03-25 12:00:00, , 1.25, -1.0, -3.7, 0.0, 59.9986, 178.125
2020-03-25 18:00:00, , 1.25, -1.5, 0.9, 0.0, 59.9986, 178.125
2020-03-26 00:00:00, , 1.75, -0.7, 0.6, 0.0, 59.9986, 178.125
2020-03-26 06:00:00, , 1.75, 0.7, 3.1, 0.0, 59.9986, 178.125
2020-03-26 12:00:00, , 1.6499939, -0.6, 2.9, 0.0, 59.9986, 178.125
2020-03-26 18:00:00, , 1.6499939, -3.4, 8.2, 0.0, 59.9986, 178.125
2020-03-27 00:00:00, , 1.6499939, 6.3, 8.3, 0.0, 59.9986, 178.125
2020-03-27 06:00:00, , 1.8500061, 6.4, 3.8, 0.0, 59.9986, 178.125
2020-03-27 12:00:00, , 1.4500122, 2.9, -2.6, 0.0, 59.9986, 178.125
2020-03-27 18:00:00, , -0.5499878, -0.8, -11.4, 0.0, 59.9986, 178.125
2020-03-28 00:00:00, , -2.4499817, -1.5, -13.7, 0.0, 59.9986, 178.125
2020-03-28 06:00:00, , -2.649994, -0.6, -9.8, 0.0, 59.9986, 178.125
2020-03-28 12:00:00, , -3.350006, -0.9, -6.7, 0.0, 59.9986, 178.125
2020-03-28 18:00:00, , -4.149994, -3.4, -3.4, 0.0, 59.9986, 178.125
2020-03-29 00:00:00, , -3.25, -6.7, -1.4, 0.0, 59.9986, 178.125
2020-03-29 06:00:00, , -2.149994, -10.3, 4.7, 0.0, 59.9986, 178.125
2020-03-29 12:00:00, , -1.0499878, -13.5, 8.0, 0.0, 59.9986, 178.125
2020-03-29 18:00:00, , -0.6499939, -16.9, 12.1, 0.0, 59.9986, 178.125
2020-03-30 00:00:00, , 1.6499939, -9.5, 16.5, 0.0, 59.9986, 178.125
2020-03-30 06:00:00, , 2.350006, 4.6, 13.0, 0.0, 59.9986, 178.125
2020-03-30 12:00:00, , 1.5500183, 11.2, 8.1, 0.0, 59.9986, 178.125
2020-03-30 18:00:00, , 0.9500122, 12.3, 4.5, 0.0, 59.9986, 178.125
2020-03-31 00:00:00, , 1.0500183, 9.1, 4.1, 0.0, 59.9986, 178.125
2020-03-31 06:00:00, , 1.5500183, 3.2, 7.4, 0.0, 59.9986, 178.125
2020-03-31 12:00:00, , 1.4500122, 0.1, 8.4, 0.0, 59.9986, 178.125
2020-03-31 18:00:00, , 1.5500183, -1.6, 9.9, 0.0, 59.9986, 178.125
2020-04-01 00:00:00, , 1.25, 2.8, 6.3, 0.0, 59.9986, 178.125
2020-04-01 06:00:00, , 1.4500122, 4.4, 4.6, 0.0, 59.9986, 178.125
2020-04-01 12:00:00, , 1.75, 3.2, 5.1, 0.0, 59.9986, 178.125
2020-04-01 18:00:00, , 1.4500122, -1.7, 9.1, 0.0, 59.9986, 178.125
2020-04-02 00:00:00, , 1.6499939, -1.6, 9.4, 0.0, 59.9986, 178.125
2020-04-02 06:00:00, , 1.9500122, 4.5, 9.7, 0.0, 59.9986, 178.125
2020-04-02 12:00:00, , 1.6499939, 8.1, 6.6, 0.0, 59.9986, 178.125
2020-04-02 18:00:00, , 1.6499939, 8.5, 3.5, 0.0, 59.9986, 178.125
2020-04-03 00:00:00, , 1.25, 3.7, 1.6, 0.0, 59.9986, 178.125
2020-04-03 06:00:00, , 1.9500122, -5.0, 2.5, 0.0, 59.9986, 178.125
2020-04-03 12:00:00, , 2.5500183, -6.2, 5.2, 0.0, 59.9986, 178.125
2020-04-03 18:00:00, , 2.850006, -0.1, 8.9, 0.0, 59.9986, 178.125
2020-04-04 00:00:00, , 2.75, -0.3, 11.0, 0.0, 59.9986, 178.125
2020-04-04 06:00:00, , 2.4500122, 0.5, 8.5, 0.0, 59.9986, 178.125
2020-04-04 12:00:00, , 1.75, 8.0, 1.7, 0.0, 59.9986, 178.125
2020-04-04 18:00:00, , -0.5499878, 15.9, -4.2, 0.0, 59.9986, 178.125
2020-04-05 00:00:00, , -2.25, 17.8, -4.1, 0.0, 59.9986, 178.125
2020-04-05 06:00:00, , -2.25, 14.9, -3.6, 0.0, 59.9986, 178.125
2020-04-05 12:00:00, , -3.0499878, 13.6, -2.6, 0.0, 59.9986, 178.125
2020-04-05 18:00:00, , -2.850006, 10.7, -2.5, 0.0, 59.9986, 178.125
2020-04-06 00:00:00, , -2.5499878, 7.9, -3.5, 0.0, 59.9986, 178.125
2020-04-06 06:00:00, , -2.350006, 5.0, -5.5, 0.0, 59.9986, 178.125
2020-04-06 12:00:00, , -3.0499878, 4.0, -4.9, 0.0, 59.9986, 178.125
2020-04-06 18:00:00, , -3.75, 2.7, -4.3, 0.0, 59.9986, 178.125
2020-04-07 00:00:00, , -3.4499817, -0.3, 2.5, 0.0, 59.9986, 178.125
2020-04-07 06:00:00, , -1.0499878, -1.7, 4.4, 0.0, 59.9986, 178.125
2020-04-07 12:00:00, , -0.25, -2.7, 2.2, 0.0, 59.9986, 178.125
2020-04-07 18:00:00, , -0.1499939, -1.0, 0.4, 0.0, 59.9986, 178.125
2020-04-08 00:00:00, , -0.25, -0.9, -3.8, 0.0, 59.9986, 178.125
2020-04-08 06:00:00, , -0.4499817, -1.2, -2.2, 0.0, 59.9986, 178.125
2020-04-08 12:00:00, , -1.25, -3.6, -1.4, 0.0, 59.9986, 178.125
2020-04-08 18:00:00, , -0.3500061, -6.2, -0.5, 0.0, 59.9986, 178.125
2020-04-09 00:00:00, , 0.1499939, -8.4, -2.6, 0.0, 59.9986, 178.125
2020-04-09 06:00:00, , 0.4500122, -7.8, -3.5, 0.0, 59.9986, 178.125
2020-04-09 12:00:00, , 0.9500122, -5.9, -4.3, 0.0, 59.9986, 178.125
2020-04-09 18:00:00, , 0.6499939, -7.5, -4.7, 0.0, 59.9986, 178.125
2020-04-10 00:00:00, , 0.8500061, -10.6, -3.9, 0.0, 59.9986, 178.125
2020-04-10 06:00:00, , 1.6499939, -11.4, -0.9, 0.0, 59.9986, 178.125
2020-04-10 12:00:00, , 2.25, -9.3, 2.6, 0.0, 59.9986, 178.125
2020-04-10 18:00:00, , 2.25, -6.0, 5.8, 0.0, 59.9986, 178.125
2020-04-11 00:00:00, , 2.149994, -2.7, 6.7, 0.0, 59.9986, 178.125
2020-04-11 06:00:00, , 2.25, -2.0, 7.4, 0.0, 59.9986, 178.125
2020-04-11 12:00:00, , 2.149994, -3.4, 6.5, 0.0, 59.9986, 178.125
2020-04-11 18:00:00, , 1.9500122, -3.9, 6.9, 0.0, 59.9986, 178.125
2020-04-12 00:00:00, , 1.6499939, -5.6, 5.5, 0.0, 59.9986, 178.125
2020-04-12 06:00:00, , 2.149994, -5.1, 5.5, 0.0, 59.9986, 178.125
2020-04-12 12:00:00, , 1.8500061, -4.9, 5.1, 0.0, 59.9986, 178.125
2020-04-12 18:00:00, , 1.3500061, -1.9, 5.4, 0.0, 59.9986, 178.125
2020-04-13 00:00:00, , 1.6499939, -2.3, 3.5, 0.0, 59.9986, 178.125
2020-04-13 06:00:00, , 2.149994, -1.9, 3.8, 0.0, 59.9986, 178.125
2020-04-13 12:00:00, , 2.0500183, -4.2, 2.0, 0.0, 59.9986, 178.125
2020-04-13 18:00:00, , 1.3500061, -6.1, -0.8, 0.0, 59.9986, 178.125
2020-04-14 00:00:00, , 0.6499939, -7.6, -2.6, 0.0, 59.9986, 178.125
2020-04-14 06:00:00, , 0.6499939, -7.4, -5.1, 0.0, 59.9986, 178.125
2020-04-14 12:00:00, , 0.5500183, -6.4, -3.8, 0.0, 59.9986, 178.125
2020-04-14 18:00:00, , 0.75, -3.8, -1.7, 0.0, 59.9986, 178.125
2020-04-15 00:00:00, , 1.0500183, -3.5, 0.3, 0.0, 59.9986, 178.125
2020-04-15 06:00:00, , 1.6499939, -2.5, 1.6, 0.0, 59.9986, 178.125
2020-04-15 12:00:00, , 1.5500183, -3.6, 3.0, 0.0, 59.9986, 178.125
2020-04-15 18:00:00, , 1.3500061, -2.7, 0.6, 0.0, 59.9986, 178.125
2020-04-16 00:00:00, , 1.25, -2.6, 0.1, 0.0, 59.9986, 178.125
2020-04-16 06:00:00, , 1.75, -3.4, -0.8, 0.0, 59.9986, 178.125
2020-04-16 12:00:00, , 1.5500183, -5.0, -1.8, 0.0, 59.9986, 178.125
2020-04-16 18:00:00, , 0.9500122, -5.3, -2.8, 0.0, 59.9986, 178.125
2020-04-17 00:00:00, , 1.25, -6.2, -3.1, 0.0, 59.9986, 178.125
2020-04-17 06:00:00, , 1.4500122, -6.1, -3.4, 0.0, 59.9986, 178.125
2020-04-17 12:00:00, , 1.25, -6.7, -5.1, 0.0, 59.9986, 178.125
2020-04-17 18:00:00, , 1.0500183, -6.8, -3.8, 0.0, 59.9986, 178.125
2020-04-18 00:00:00, , 1.4500122, -5.4, -1.5, 0.0, 59.9986, 178.125
2020-04-18 06:00:00, , 1.8500061, -4.3, 1.8, 0.0, 59.9986, 178.125
2020-04-18 12:00:00, , 2.149994, -5.3, 2.3, 0.0, 59.9986, 178.125
2020-04-18 18:00:00, , 1.9500122, -5.7, 2.3, 0.0, 59.9986, 178.125
2020-04-19 00:00:00, , 1.75, -5.4, 1.7, 0.0, 59.9986, 178.125
2020-04-19 06:00:00, , 1.8500061, -5.3, 1.6, 0.0, 59.9986, 178.125
2020-04-19 12:00:00, , 1.8500061, -6.8, 0.0, 0.0, 59.9986, 178.125
2020-04-19 18:00:00, , 1.75, -5.3, 1.6, 0.0, 59.9986, 178.125
2020-04-20 00:00:00, , 1.5500183, -5.5, 0.8, 0.0, 59.9986, 178.125
2020-04-20 06:00:00, , 1.8500061, -3.8, -0.1, 0.0, 59.9986, 178.125
2020-04-20 12:00:00, , 1.6499939, -4.6, -2.9, 0.0, 59.9986, 178.125
2020-04-20 18:00:00, , 1.25, -3.8, -4.6, 0.0, 59.9986, 178.125
2020-04-21 00:00:00, , 0.9500122, -4.4, -7.3, 0.0, 59.9986, 178.125
2020-04-21 06:00:00, , 0.8500061, -4.8, -8.0, 0.0, 59.9986, 178.125
2020-04-21 12:00:00, , 0.25, -5.0, -9.1, 0.0, 59.9986, 178.125
2020-04-21 18:00:00, , -0.5499878, -4.7, -7.9, 0.0, 59.9986, 178.125
2020-04-22 00:00:00, , -0.5499878, -4.7, -7.7, 0.0, 59.9986, 178.125
2020-04-22 06:00:00, , -0.1499939, -5.0, -7.3, 0.0, 59.9986, 178.125
2020-04-22 12:00:00, , -0.75, -5.0, -7.9, 0.0, 59.9986, 178.125
2020-04-22 18:00:00, , -0.75, -2.0, -8.6, 0.0, 59.9986, 178.125
2020-04-23 00:00:00, , -0.5499878, -1.7, -8.7, 0.0, 59.9986, 178.125
2020-04-23 06:00:00, , 0.4500122, -0.5, -6.6, 0.0, 59.9986, 178.125
2020-04-23 12:00:00, , 0.5500183, -2.9, -6.2, 0.0, 59.9986, 178.125
2020-04-23 18:00:00, , 0.4500122, -2.9, -6.0, 0.0, 59.9986, 178.125
2020-04-24 00:00:00, , 0.3500061, -4.1, -5.9, 0.0, 59.9986, 178.125
2020-04-24 06:00:00, , 0.9500122, -5.6, -4.7, 0.0, 59.9986, 178.125
2020-04-24 12:00:00, , 0.6499939, -5.6, -5.9, 0.0, 59.9986, 178.125
2020-04-24 18:00:00, , 0.1499939, -5.6, -5.2, 0.0, 59.9986, 178.125
2020-04-25 00:00:00, , 0.5500183, -5.0, -6.8, 0.0, 59.9986, 178.125
2020-04-25 06:00:00, , 0.9500122, -4.1, -5.2, 0.0, 59.9986, 178.125
2020-04-25 12:00:00, , 1.0500183, -3.4, -6.4, 0.0, 59.9986, 178.125
2020-04-25 18:00:00, , 0.9500122, -3.4, -5.2, 0.0, 59.9986, 178.125
2020-04-26 00:00:00, , 1.25, -3.4, -5.6, 0.0, 59.9986, 178.125
2020-04-26 06:00:00, , 1.4500122, -3.7, -4.8, 0.0, 59.9986, 178.125
2020-04-26 12:00:00, , 1.6499939, -0.6, -5.2, 0.0, 59.9986, 178.125
2020-04-26 18:00:00, , 1.1499939, 0.7, -5.6, 0.0, 59.9986, 178.125
2020-04-27 00:00:00, , 1.6499939, 0.1, -4.3, 0.0, 59.9986, 178.125
2020-04-27 06:00:00, , 1.8500061, 0.4, -3.5, 0.0, 59.9986, 178.125
2020-04-27 12:00:00, , 1.5500183, 0.0, 0.4, 0.0, 59.9986, 178.125
2020-04-27 18:00:00, , 1.4500122, 1.3, 1.3, 0.0, 59.9986, 178.125
2020-04-28 00:00:00, , 1.3500061, 0.3, 2.9, 0.0, 59.9986, 178.125
2020-04-28 06:00:00, , 1.6499939, -2.6, 3.9, 0.0, 59.9986, 178.125
2020-04-28 12:00:00, , 1.75, -5.0, 3.3, 0.0, 59.9986, 178.125
2020-04-28 18:00:00, , 1.5500183, -7.3, 5.0, 0.0, 59.9986, 178.125
2020-04-29 00:00:00, , 1.3500061, -9.1, 3.0, 0.0, 59.9986, 178.125
2020-04-29 06:00:00, , 1.4500122, -10.5, 3.3, 0.0, 59.9986, 178.125
2020-04-29 12:00:00, , 1.8500061, -9.3, 1.7, 0.0, 59.9986, 178.125
2020-04-29 18:00:00, , 1.6499939, -9.0, 1.4, 0.0, 59.9986, 178.125
2020-04-30 00:00:00, , 1.3500061, -7.8, -0.3, 0.0, 59.9986, 178.125
2020-04-30 06:00:00, , 1.4500122, -7.9, 0.1, 0.0, 59.9986, 178.125
2020-04-30 12:00:00, , 1.4500122, -7.7, -3.1, 0.0, 59.9986, 178.125
2020-04-30 18:00:00, , 0.9500122, -6.9, -3.0, 0.0, 59.9986, 178.125
2020-05-01 00:00:00, , 0.9500122, -5.1, -4.6, 0.0, 59.9986, 178.125
2020-05-01 06:00:00, , 1.5500183, -3.4, -4.4, 0.0, 59.9986, 178.125
2020-05-01 12:00:00, , 1.3500061, -1.1, -5.0, 0.0, 59.9986, 178.125
2020-05-01 18:00:00, , 0.8500061, -1.4, -2.7, 0.0, 59.9986, 178.125
2020-05-02 00:00:00, , 0.9500122, 0.0, -1.3, 0.0, 59.9986, 178.125
2020-05-02 06:00:00, , 1.6499939, -0.6, 0.9, 0.0, 59.9986, 178.125
2020-05-02 12:00:00, , 1.5500183, -1.6, 1.8, 0.0, 59.9986, 178.125
2020-05-02 18:00:00, , 0.8500061, -3.1, 2.4, 0.0, 59.9986, 178.125
2020-05-03 00:00:00, , 1.25, -3.1, 0.6, 0.0, 59.9986, 178.125
2020-05-03 06:00:00, , 1.6499939, -1.1, 1.4, 0.0, 59.9986, 178.125
2020-05-03 12:00:00, , 1.0500183, -1.6, -1.8, 0.0, 59.9986, 178.125
2020-05-03 18:00:00, , 0.8500061, -1.0, -1.0, 0.0, 59.9986, 178.125
2020-05-04 00:00:00, , 0.8500061, -1.1, -2.5, 0.0, 59.9986, 178.125
2020-05-04 06:00:00, , 1.3500061, 0.0, -3.3, 0.0, 59.9986, 178.125
2020-05-04 12:00:00, , 1.1499939, 0.0, -4.6, 0.0, 59.9986, 178.125
2020-05-04 18:00:00, , 0.8500061, 1.0, -6.9, 0.0, 59.9986, 178.125
2020-05-05 00:00:00, , 1.25, 2.3, -7.3, 0.0, 59.9986, 178.125
2020-05-05 06:00:00, , 2.0500183, 2.4, -5.7, 0.0, 59.9986, 178.125
2020-05-05 12:00:00, , 1.6499939, 1.2, -4.2, 0.0, 59.9986, 178.125
2020-05-05 18:00:00, , 1.25, -1.0, -2.0, 0.0, 59.9986, 178.125
2020-05-06 00:00:00, , 1.75, -3.3, 1.8, 0.0, 59.9986, 178.125
2020-05-06 06:00:00, , 2.350006, -3.9, 5.1, 0.0, 59.9986, 178.125
2020-05-06 12:00:00, , 1.75, -7.4, 6.9, 0.0, 59.9986, 178.125
2020-05-06 18:00:00, , 1.8500061, -8.4, 8.1, 0.0, 59.9986, 178.125
2020-05-07 00:00:00, , 2.0500183, -9.0, 6.9, 0.0, 59.9986, 178.125
2020-05-07 06:00:00, , 2.5500183, -8.8, 7.1, 0.0, 59.9986, 178.125
2020-05-07 12:00:00, , 2.350006, -7.2, 6.3, 0.0, 59.9986, 178.125
2020-05-07 18:00:00, , 1.9500122, -5.7, 3.9, 0.0, 59.9986, 178.125
2020-05-08 00:00:00, , 2.25, -6.3, 3.9, 0.0, 59.9986, 178.125
2020-05-08 06:00:00, , 2.25, -4.2, 3.0, 0.0, 59.9986, 178.125
2020-05-08 12:00:00, , 2.25, -3.9, 2.3, 0.0, 59.9986, 178.125
2020-05-08 18:00:00, , 2.350006, -7.7, 3.8, 0.0, 59.9986, 178.125
2020-05-09 00:00:00, , 3.0500183, -15.2, 4.3, 0.0, 59.9986, 178.125
2020-05-09 06:00:00, , 3.149994, -17.8, 8.0, 0.0, 59.9986, 178.125
2020-05-09 12:00:00, , 3.0500183, -12.6, 12.3, 0.0, 59.9986, 178.125
2020-05-09 18:00:00, , 3.149994, -9.0, 12.9, 0.0, 59.9986, 178.125
2020-05-10 00:00:00, , 3.25, -5.3, 14.3, 0.0, 59.9986, 178.125
2020-05-10 06:00:00, , 3.25, -4.8, 11.8, 0.0, 59.9986, 178.125
2020-05-10 12:00:00, , 3.0500183, -5.4, 8.0, 0.0, 59.9986, 178.125
2020-05-10 18:00:00, , 2.75, -6.1, 5.9, 0.0, 59.9986, 178.125
2020-05-11 00:00:00, , 2.850006, -6.3, 5.0, 0.0, 59.9986, 178.125
2020-05-11 06:00:00, , 2.5500183, -7.7, 4.0, 0.0, 59.9986, 178.125
2020-05-11 12:00:00, , 2.350006, -7.9, 3.6, 0.0, 59.9986, 178.125
2020-05-11 18:00:00, , 2.0500183, -6.8, 3.7, 0.0, 59.9986, 178.125
2020-05-12 00:00:00, , 2.5500183, -6.6, 2.1, 0.0, 59.9986, 178.125
2020-05-12 06:00:00, , 2.75, -6.7, 0.7, 0.0, 59.9986, 178.125
2020-05-12 12:00:00, , 2.75, -5.4, -2.5, 0.0, 59.9986, 178.125
2020-05-12 18:00:00, , 2.25, -1.7, -5.3, 0.0, 59.9986, 178.125
2020-05-13 00:00:00, , 2.350006, 0.7, -6.9, 0.0, 59.9986, 178.125
2020-05-13 06:00:00, , 2.149994, 2.0, -6.3, 0.0, 59.9986, 178.125
2020-05-13 12:00:00, , 1.9500122, 0.9, -6.1, 0.0, 59.9986, 178.125
2020-05-13 18:00:00, , 1.4500122, -1.8, -4.5, 0.0, 59.9986, 178.125
2020-05-14 00:00:00, , 1.9500122, -5.2, -4.1, 0.0, 59.9986, 178.125
2020-05-14 06:00:00, , 2.4500122, -6.3, -3.7, 0.0, 59.9986, 178.125
2020-05-14 12:00:00, , 2.5500183, -6.1, -4.4, 0.0, 59.9986, 178.125
2020-05-14 18:00:00, , 2.25, -5.4, -3.6, 0.0, 59.9986, 178.125
2020-05-15 00:00:00, , 2.850006, -6.0, -3.6, 0.0, 59.9986, 178.125
2020-05-15 06:00:00, , 2.75, -4.1, -3.9, 0.0, 59.9986, 178.125
2020-05-15 12:00:00, , 2.4500122, -2.8, -4.8, 0.0, 59.9986, 178.125
2020-05-15 18:00:00, , 2.350006, -3.4, -4.5, 0.0, 59.9986, 178.125
2020-05-16 00:00:00, , 2.5500183, -2.8, -5.7, 0.0, 59.9986, 178.125
2020-05-16 06:00:00, , 2.5500183, -4.5, -5.6, 0.0, 59.9986, 178.125
2020-05-16 12:00:00, , 2.649994, -4.9, -4.6, 0.0, 59.9986, 178.125
2020-05-16 18:00:00, , 2.649994, -5.6, -4.4, 0.0, 59.9986, 178.125
2020-05-17 00:00:00, , 3.149994, -6.1, -4.1, 0.0, 59.9986, 178.125
2020-05-17 06:00:00, , 2.75, -6.0, -5.0, 0.0, 59.9986, 178.125
2020-05-17 12:00:00, , 2.75, -6.0, -5.9, 0.0, 59.9986, 178.125
2020-05-17 18:00:00, , 2.850006, -6.1, -8.3, 0.0, 59.9986, 178.125
2020-05-18 00:00:00, , 3.0500183, -7.0, -9.5, 0.0, 59.9986, 178.125
2020-05-18 06:00:00, , 3.0500183, -8.1, -8.8, 0.0, 59.9986, 178.125
2020-05-18 12:00:00, , 2.9500122, -6.4, -9.1, 0.0, 59.9986, 178.125
2020-05-18 18:00:00, , 2.850006, -6.6, -6.2, 0.0, 59.9986, 178.125
2020-05-19 00:00:00, , 2.9500122, -7.6, -5.4, 0.0, 59.9986, 178.125
2020-05-19 06:00:00, , 2.9500122, -7.2, -4.0, 0.0, 59.9986, 178.125
2020-05-19 12:00:00, , 2.850006, -7.5, -5.3, 0.0, 59.9986, 178.125
2020-05-19 18:00:00, , 2.75, -8.4, -4.1, 0.0, 59.9986, 178.125
2020-05-20 00:00:00, , 2.5500183, -9.3, -6.6, 0.0, 59.9986, 178.125
2020-05-20 06:00:00, , 2.9500122, -10.4, -9.0, 0.0, 59.9986, 178.125
2020-05-20 12:00:00, , 3.25, -11.8, -10.1, 0.0, 59.9986, 178.125
2020-05-20 18:00:00, , 2.850006, -10.9, -9.8, 0.0, 59.9986, 178.125
2020-05-21 00:00:00, , 2.75, -9.4, -9.5, 0.0, 59.9986, 178.125
2020-05-21 06:00:00, , 2.9500122, -9.1, -7.5, 0.0, 59.9986, 178.125
2020-05-21 12:00:00, , 2.9500122, -8.3, -7.3, 0.0, 59.9986, 178.125
2020-05-21 18:00:00, , 2.649994, -5.9, -6.6, 0.0, 59.9986, 178.125
2020-05-22 00:00:00, , 2.5500183, -4.7, -8.1, 0.0, 59.9986, 178.125
2020-05-22 06:00:00, , 2.5500183, -4.3, -6.6, 0.0, 59.9986, 178.125
2020-05-22 12:00:00, , 2.75, -4.0, -6.2, 0.0, 59.9986, 178.125
2020-05-22 18:00:00, , 2.75, -2.7, -6.0, 0.0, 59.9986, 178.125
2020-05-23 00:00:00, , 2.75, -2.0, -5.7, 0.0, 59.9986, 178.125
2020-05-23 06:00:00, , 2.649994, -3.1, -5.0, 0.0, 59.9986, 178.125
2020-05-23 12:00:00, , 2.5500183, -2.2, -7.8, 0.0, 59.9986, 178.125
2020-05-23 18:00:00, , 2.649994, -2.0, -9.1, 0.0, 59.9986, 178.125
2020-05-24 00:00:00, , 2.649994, -2.2, -7.8, 0.0, 59.9986, 178.125
2020-05-24 06:00:00, , 2.75, -1.9, -4.6, 0.0, 59.9986, 178.125
2020-05-24 12:00:00, , 2.5500183, 1.2, -7.6, 0.0, 59.9986, 178.125
2020-05-24 18:00:00, , 2.4500122, 1.4, -6.7, 0.0, 59.9986, 178.125
2020-05-25 00:00:00, , 2.4500122, 1.4, -7.9, 0.0, 59.9986, 178.125
2020-05-25 06:00:00, , 2.5500183, 2.5, -6.7, 0.0, 59.9986, 178.125
2020-05-25 12:00:00, , 2.149994, 2.7, -6.1, 0.0, 59.9986, 178.125
2020-05-25 18:00:00, , 2.25, 0.9, -4.0, 0.0, 59.9986, 178.125
2020-05-26 00:00:00, , 2.4500122, 2.2, -2.9, 0.0, 59.9986, 178.125
2020-05-26 06:00:00, , 2.350006, 1.7, -1.0, 0.0, 59.9986, 178.125
2020-05-26 12:00:00, , 2.4500122, 2.6, -0.8, 0.0, 59.9986, 178.125
2020-05-26 18:00:00, , 2.5500183, 3.7, 0.3, 0.0, 59.9986, 178.125
2020-05-27 00:00:00, , 2.75, 3.6, 0.9, 0.0, 59.9986, 178.125
2020-05-27 06:00:00, , 2.850006, 2.5, 5.0, 0.0, 59.9986, 178.125
2020-05-27 12:00:00, , 2.9500122, -1.4, 3.8, 0.0, 59.9986, 178.125
2020-05-27 18:00:00, , 3.25, -9.0, 6.0, 0.0, 59.9986, 178.125
2020-05-28 00:00:00, , 3.75, -10.2, 7.7, 0.0, 59.9986, 178.125
2020-05-28 06:00:00, , 4.149994, -10.2, 11.5, 0.0, 59.9986, 178.125
2020-05-28 12:00:00, , 4.149994, -6.4, 11.5, 0.0, 59.9986, 178.125
2020-05-28 18:00:00, , 4.149994, -6.9, 10.2, 0.0, 59.9986, 178.125
2020-05-29 00:00:00, , 4.0500183, -6.8, 9.0, 0.0, 59.9986, 178.125
2020-05-29 06:00:00, , 4.25, -9.4, 9.3, 0.0, 59.9986, 178.125
2020-05-29 12:00:00, , 4.0500183, -10.4, 7.8, 0.0, 59.9986, 178.125
2020-05-29 18:00:00, , 4.350006, -11.8, 6.1, 0.0, 59.9986, 178.125
2020-05-30 00:00:00, , 4.450012, -12.2, 3.0, 0.0, 59.9986, 178.125
2020-05-30 06:00:00, , 4.350006, -11.9, 0.8, 0.0, 59.9986, 178.125
2020-05-30 12:00:00, , 4.149994, -9.5, -0.6, 0.0, 59.9986, 178.125
2020-05-30 18:00:00, , 3.850006, -5.8, -2.8, 0.0, 59.9986, 178.125
2020-05-31 00:00:00, , 4.149994, -5.0, -6.7, 0.0, 59.9986, 178.125
2020-05-31 06:00:00, , 4.25, -7.2, -6.4, 0.0, 59.9986, 178.125
2020-05-31 12:00:00, , 3.9500122, -6.0, -4.5, 0.0, 59.9986, 178.125
2020-05-31 18:00:00, , 3.75, -3.8, -4.4, 0.0, 59.9986, 178.125
2020-06-01 00:00:00, , 3.850006, -0.8, -6.8, 0.0, 59.9986, 178.125
2020-06-01 06:00:00, , 3.4500122, 1.1, -6.3, 0.0, 59.9986, 178.125
2020-06-01 12:00:00, , 3.4500122, 1.0, -7.1, 0.0, 59.9986, 178.125
2020-06-01 18:00:00, , 3.350006, 0.2, -4.9, 0.0, 59.9986, 178.125
2020-06-02 00:00:00, , 3.850006, 0.0, -3.1, 0.0, 59.9986, 178.125
2020-06-02 06:00:00, , 3.9500122, 1.1, -1.2, 0.0, 59.9986, 178.125
2020-06-02 12:00:00, , 4.149994, 1.8, -0.1, 0.0, 59.9986, 178.125
2020-06-02 18:00:00, , 4.149994, 3.9, 2.3, 0.0, 59.9986, 178.125
2020-06-03 00:00:00, , 4.5500183, 4.1, 1.3, 0.0, 59.9986, 178.125
2020-06-03 06:00:00, , 4.649994, 4.8, 3.1, 0.0, 59.9986, 178.125
2020-06-03 12:00:00, , 4.649994, 6.7, 2.7, 0.0, 59.9986, 178.125
2020-06-03 18:00:00, , 4.75, 7.2, 2.1, 0.0, 59.9986, 178.125
2020-06-04 00:00:00, , 4.75, 8.6, 1.8, 0.0, 59.9986, 178.125
2020-06-04 06:00:00, , 4.5500183, 7.7, 3.5, 0.0, 59.9986, 178.125
2020-06-04 12:00:00, , 4.0500183, 7.5, 3.4, 0.0, 59.9986, 178.125
2020-06-04 18:00:00, , 4.350006, 5.3, 4.7, 0.0, 59.9986, 178.125
2020-06-05 00:00:00, , 4.25, 5.7, 3.5, 0.0, 59.9986, 178.125
2020-06-05 06:00:00, , 4.350006, 4.0, 1.7, 0.0, 59.9986, 178.125
2020-06-05 12:00:00, , 4.25, 4.0, 0.8, 0.0, 59.9986, 178.125
2020-06-05 18:00:00, , 4.5500183, 2.2, 1.0, 0.0, 59.9986, 178.125
2020-06-06 00:00:00, , 4.75, 1.1, -0.5, 0.0, 59.9986, 178.125
2020-06-06 06:00:00, , 4.5500183, 0.1, -0.6, 0.0, 59.9986, 178.125
2020-06-06 12:00:00, , 4.649994, -0.6, -1.3, 0.0, 59.9986, 178.125
2020-06-06 18:00:00, , 4.850006, -1.0, 1.0, 0.0, 59.9986, 178.125
2020-06-07 00:00:00, , 5.149994, -3.0, -2.8, 0.0, 59.9986, 178.125
2020-06-07 06:00:00, , 5.149994, -1.1, -1.2, 0.0, 59.9986, 178.125
2020-06-07 12:00:00, , 5.0500183, 2.7, -2.6, 0.0, 59.9986, 178.125
2020-06-07 18:00:00, , 4.850006, 4.4, 1.4, 0.0, 59.9986, 178.125
2020-06-08 00:00:00, , 4.950012, 5.7, 2.3, 0.0, 59.9986, 178.125
2020-06-08 06:00:00, , 5.149994, 5.1, 1.4, 0.0, 59.9986, 178.125
2020-06-08 12:00:00, , 5.25, 4.5, 1.2, 0.0, 59.9986, 178.125
2020-06-08 18:00:00, , 4.950012, 3.2, 0.6, 0.0, 59.9986, 178.125
2020-06-09 00:00:00, , 5.25, 2.9, 1.6, 0.0, 59.9986, 178.125
2020-06-09 06:00:00, , 5.25, 2.9, 1.7, 0.0, 59.9986, 178.125
2020-06-09 12:00:00, , 4.850006, 3.8, 3.5, 0.0, 59.9986, 178.125
2020-06-09 18:00:00, , 4.5500183, 3.8, 3.4, 0.0, 59.9986, 178.125
2020-06-10 00:00:00, , 4.950012, 2.3, 2.5, 0.0, 59.9986, 178.125
2020-06-10 06:00:00, , 4.950012, 1.6, 3.0, 0.0, 59.9986, 178.125
2020-06-10 12:00:00, , 4.75, 0.1, -0.9, 0.0, 59.9986, 178.125
2020-06-10 18:00:00, , 4.950012, -0.9, -1.1, 0.0, 59.9986, 178.125
2020-06-11 00:00:00, , 5.450012, -3.8, -3.6, 0.0, 59.9986, 178.125
2020-06-11 06:00:00, , 5.649994, -4.8, -2.1, 0.0, 59.9986, 178.125
2020-06-11 12:00:00, , 5.450012, -3.9, -4.5, 0.0, 59.9986, 178.125
2020-06-11 18:00:00, , 5.649994, -3.1, -2.7, 0.0, 59.9986, 178.125
2020-06-12 00:00:00, , 5.75, -2.0, -2.7, 0.0, 59.9986, 178.125
2020-06-12 06:00:00, , 5.5500183, -0.9, -0.8, 0.0, 59.9986, 178.125
2020-06-12 12:00:00, , 5.450012, -0.9, -1.6, 0.0, 59.9986, 178.125
2020-06-12 18:00:00, , 4.950012, 0.4, 0.2, 0.0, 59.9986, 178.125
2020-06-13 00:00:00, , 5.350006, -0.8, -1.4, 0.0, 59.9986, 178.125
2020-06-13 06:00:00, , 5.450012, 0.6, 1.8, 0.0, 59.9986, 178.125
2020-06-13 12:00:00, , 5.450012, 0.1, 1.3, 0.0, 59.9986, 178.125
2020-06-13 18:00:00, , 5.350006, 0.7, 2.4, 0.0, 59.9986, 178.125
2020-06-14 00:00:00, , 5.5500183, 2.0, 0.5, 0.0, 59.9986, 178.125
2020-06-14 06:00:00, , 5.350006, 0.9, 0.8, 0.0, 59.9986, 178.125
2020-06-14 12:00:00, , 5.5500183, 1.5, -1.6, 0.0, 59.9986, 178.125
2020-06-14 18:00:00, , 5.149994, -0.4, 0.2, 0.0, 59.9986, 178.125
2020-06-15 00:00:00, , 5.850006, 0.6, -3.2, 0.0, 59.9986, 178.125
2020-06-15 06:00:00, , 5.950012, 0.6, -2.1, 0.0, 59.9986, 178.125
2020-06-15 12:00:00, , 5.850006, 0.0, -4.3, 0.0, 59.9986, 178.125
2020-06-15 18:00:00, , 5.75, 0.5, -2.9, 0.0, 59.9986, 178.125
2020-06-16 00:00:00, , 6.149994, 0.1, -4.6, 0.0, 59.9986, 178.125
2020-06-16 06:00:00, , 6.350006, 2.7, -4.2, 0.0, 59.9986, 178.125
2020-06-16 12:00:00, , 5.75, 1.5, -4.6, 0.0, 59.9986, 178.125
2020-06-16 18:00:00, , 5.649994, 2.4, -3.1, 0.0, 59.9986, 178.125
2020-06-17 00:00:00, , 6.25, 1.4, -3.8, 0.0, 59.9986, 178.125
2020-06-17 06:00:00, , 6.25, 2.6, -3.4, 0.0, 59.9986, 178.125
2020-06-17 12:00:00, , 6.25, 1.6, -2.8, 0.0, 59.9986, 178.125
2020-06-17 18:00:00, , 6.149994, 2.5, -3.3, 0.0, 59.9986, 178.125
2020-06-18 00:00:00, , 6.450012, 2.7, -3.6, 0.0, 59.9986, 178.125
2020-06-18 06:00:00, , 6.649994, 2.7, -2.8, 0.0, 59.9986, 178.125
2020-06-18 12:00:00, , 6.5500183, 2.7, -4.6, 0.0, 59.9986, 178.125
2020-06-18 18:00:00, , 5.950012, 4.3, -3.8, 0.0, 59.9986, 178.125
2020-06-19 00:00:00, , 6.350006, 3.8, -4.8, 0.0, 59.9986, 178.125
2020-06-19 06:00:00, , 6.25, 3.5, -4.3, 0.0, 59.9986, 178.125
2020-06-19 12:00:00, , 5.950012, 3.6, -4.6, 0.0, 59.9986, 178.125
2020-06-19 18:00:00, , 5.75, 3.8, -3.2, 0.0, 59.9986, 178.125
2020-06-20 00:00:00, , 5.75, 1.0, -4.2, 0.0, 59.9986, 178.125
2020-06-20 06:00:00, , 5.950012, 1.1, -4.3, 0.0, 59.9986, 178.125
2020-06-20 12:00:00, , 5.850006, 1.3, -3.8, 0.0, 59.9986, 178.125
2020-06-20 18:00:00, , 5.850006, 0.9, -3.1, 0.0, 59.9986, 178.125
2020-06-21 00:00:00, , 5.950012, 1.2, -3.8, 0.0, 59.9986, 178.125
2020-06-21 06:00:00, , 5.75, -1.2, -2.9, 0.0, 59.9986, 178.125
2020-06-21 12:00:00, , 5.75, -3.4, -2.4, 0.0, 59.9986, 178.125
2020-06-21 18:00:00, , 6.25, -3.4, -0.4, 0.0, 59.9986, 178.125
2020-06-22 00:00:00, , 6.850006, -2.7, -0.1, 0.0, 59.9986, 178.125
2020-06-22 06:00:00, , 7.149994, -1.4, 0.1, 0.0, 59.9986, 178.125
2020-06-22 12:00:00, , 7.149994, 1.9, 1.6, 0.0, 59.9986, 178.125
2020-06-22 18:00:00, , 6.950012, 4.2, 4.2, 0.0, 59.9986, 178.125
2020-06-23 00:00:00, , 7.649994, 6.1, 3.4, 0.0, 59.9986, 178.125
2020-06-23 06:00:00, , 7.450012, 5.7, 2.2, 0.0, 59.9986, 178.125
2020-06-23 12:00:00, , 6.850006, 3.7, -2.5, 0.0, 59.9986, 178.125
2020-06-23 18:00:00, , 6.75, 0.0, -3.7, 0.0, 59.9986, 178.125
2020-06-24 00:00:00, , 7.0500183, -0.9, -1.6, 0.0, 59.9986, 178.125
2020-06-24 06:00:00, , 7.149994, -2.9, -1.7, 0.0, 59.9986, 178.125
2020-06-24 12:00:00, , 6.5500183, -2.6, 0.3, 0.0, 59.9986, 178.125
2020-06-24 18:00:00, , 6.649994, -4.1, 1.6, 0.0, 59.9986, 178.125
2020-06-25 00:00:00, , 6.450012, -3.9, 1.3, 0.0, 59.9986, 178.125
2020-06-25 06:00:00, , 6.649994, -4.2, 2.9, 0.0, 59.9986, 178.125
2020-06-25 12:00:00, , 6.75, 0.3, 2.9, 0.0, 59.9986, 178.125
2020-06-25 18:00:00, , 7.149994, 1.7, 4.3, 0.0, 59.9986, 178.125
2020-06-26 00:00:00, , 7.649994, 2.3, 6.5, 0.0, 59.9986, 178.125
2020-06-26 06:00:00, , 7.850006, 5.8, 8.3, 0.0, 59.9986, 178.125
2020-06-26 12:00:00, , 8.149994, 8.7, 8.7, 0.0, 59.9986, 178.125
2020-06-26 18:00:00, , 7.850006, 8.8, 5.6, 0.0, 59.9986, 178.125
2020-06-27 00:00:00, , 7.649994, 6.0, 1.2, 0.0, 59.9986, 178.125
2020-06-27 06:00:00, , 7.25, 3.2, 1.5, 0.0, 59.9986, 178.125
2020-06-27 12:00:00, , 7.450012, 0.1, 2.3, 0.0, 59.9986, 178.125
2020-06-27 18:00:00, , 7.450012, 0.7, 2.0, 0.0, 59.9986, 178.125
2020-06-28 00:00:00, , 7.75, 1.3, -0.5, 0.0, 59.9986, 178.125
2020-06-28 06:00:00, , 7.649994, 3.5, -1.1, 0.0, 59.9986, 178.125
2020-06-28 12:00:00, , 7.350006, 4.4, -2.2, 0.0, 59.9986, 178.125
2020-06-28 18:00:00, , 7.25, 5.3, 0.2, 0.0, 59.9986, 178.125
2020-06-29 00:00:00, , 7.450012, 5.9, 0.9, 0.0, 59.9986, 178.125
2020-06-29 06:00:00, , 7.75, 5.5, 4.1, 0.0, 59.9986, 178.125
2020-06-29 12:00:00, , 7.850006, 2.9, 7.1, 0.0, 59.9986, 178.125
2020-06-29 18:00:00, , 7.450012, 4.5, 6.5, 0.0, 59.9986, 178.125
2020-06-30 00:00:00, , 7.850006, 4.0, 7.7, 0.0, 59.9986, 178.125
2020-06-30 06:00:00, , 8.350006, 4.7, 7.0, 0.0, 59.9986, 178.125
2020-06-30 12:00:00, , 7.950012, -1.8, 6.2, 0.0, 59.9986, 178.125
2020-06-30 18:00:00, , 7.850006, -6.6, 7.5, 0.0, 59.9986, 178.125
2020-07-01 00:00:00, , 8.050018, -6.1, 8.0, 0.0, 59.9986, 178.125
2020-07-01 06:00:00, , 8.25, -6.3, 9.4, 0.0, 59.9986, 178.125
2020-07-01 12:00:00, , 7.950012, -6.3, 11.2, 0.0, 59.9986, 178.125
2020-07-01 18:00:00, , 7.950012, -4.4, 12.0, 0.0, 59.9986, 178.125
2020-07-02 00:00:00, , 7.649994, 3.3, 8.5, 0.0, 59.9986, 178.125
2020-07-02 06:00:00, , 7.850006, 7.9, 5.1, 0.0, 59.9986, 178.125
2020-07-02 12:00:00, , 7.75, 5.4, 3.7, 0.0, 59.9986, 178.125
2020-07-02 18:00:00, , 7.649994, 1.1, 3.9, 0.0, 59.9986, 178.125
2020-07-03 00:00:00, , 7.950012, -4.8, 5.0, 0.0, 59.9986, 178.125
2020-07-03 06:00:00, , 8.050018, -8.1, 7.0, 0.0, 59.9986, 178.125
2020-07-03 12:00:00, , 7.950012, -9.4, 7.7, 0.0, 59.9986, 178.125
2020-07-03 18:00:00, , 8.25, -9.8, 9.3, 0.0, 59.9986, 178.125
2020-07-04 00:00:00, , 8.350006, -7.7, 8.2, 0.0, 59.9986, 178.125
2020-07-04 06:00:00, , 8.25, -7.3, 6.8, 0.0, 59.9986, 178.125
2020-07-04 12:00:00, , 7.950012, -4.5, 6.4, 0.0, 59.9986, 178.125
2020-07-04 18:00:00, , 7.950012, 0.8, 6.7, 0.0, 59.9986, 178.125
2020-07-05 00:00:00, , 8.149994, 3.1, 6.8, 0.0, 59.9986, 178.125
2020-07-05 06:00:00, , 8.350006, 2.2, 7.5, 0.0, 59.9986, 178.125
2020-07-05 12:00:00, , 7.950012, 0.8, 6.9, 0.0, 59.9986, 178.125
2020-07-05 18:00:00, , 7.649994, -0.4, 8.0, 0.0, 59.9986, 178.125
2020-07-06 00:00:00, , 7.75, 0.3, 6.1, 0.0, 59.9986, 178.125
2020-07-06 06:00:00, , 8.050018, 1.5, 5.3, 0.0, 59.9986, 178.125
2020-07-06 12:00:00, , 7.649994, 2.5, 4.1, 0.0, 59.9986, 178.125
2020-07-06 18:00:00, , 7.450012, 4.1, 6.1, 0.0, 59.9986, 178.125
2020-07-07 00:00:00, , 7.450012, 3.6, 6.2, 0.0, 59.9986, 178.125
2020-07-07 06:00:00, , 7.649994, 5.5, 5.5, 0.0, 59.9986, 178.125
2020-07-07 12:00:00, , 7.450012, 5.4, 3.3, 0.0, 59.9986, 178.125
2020-07-07 18:00:00, , 7.649994, 6.2, 2.9, 0.0, 59.9986, 178.125
2020-07-08 00:00:00, , 7.950012, 5.3, 2.5, 0.0, 59.9986, 178.125
2020-07-08 06:00:00, , 8.350006, 6.8, 1.9, 0.0, 59.9986, 178.125
2020-07-08 12:00:00, , 8.149994, 7.5, 1.0, 0.0, 59.9986, 178.125
2020-07-08 18:00:00, , 8.25, 7.1, 0.7, 0.0, 59.9986, 178.125
2020-07-09 00:00:00, , 8.450012, 6.8, 0.0, 0.0, 59.9986, 178.125
2020-07-09 06:00:00, , 8.75, 6.5, 1.4, 0.0, 59.9986, 178.125
2020-07-09 12:00:00, , 8.450012, 6.6, -1.0, 0.0, 59.9986, 178.125
2020-07-09 18:00:00, , 8.25, 5.5, 0.8, 0.0, 59.9986, 178.125
2020-07-10 00:00:00, , 8.149994, 4.1, -2.0, 0.0, 59.9986, 178.125
2020-07-10 06:00:00, , 8.25, 2.2, -1.8, 0.0, 59.9986, 178.125
2020-07-10 12:00:00, , 8.050018, 2.1, -2.3, 0.0, 59.9986, 178.125
2020-07-10 18:00:00, , 7.950012, 2.3, -0.8, 0.0, 59.9986, 178.125
2020-07-11 00:00:00, , 7.850006, 2.0, -1.5, 0.0, 59.9986, 178.125
2020-07-11 06:00:00, , 8.350006, 1.8, -1.8, 0.0, 59.9986, 178.125
2020-07-11 12:00:00, , 8.149994, 1.9, -2.2, 0.0, 59.9986, 178.125
2020-07-11 18:00:00, , 7.649994, 0.0, -1.5, 0.0, 59.9986, 178.125
2020-07-12 00:00:00, , 7.850006, 0.6, -1.7, 0.0, 59.9986, 178.125
2020-07-12 06:00:00, , 8.149994, 0.2, -1.6, 0.0, 59.9986, 178.125
2020-07-12 12:00:00, , 8.050018, 0.1, -1.7, 0.0, 59.9986, 178.125
2020-07-12 18:00:00, , 8.050018, 1.5, -0.3, 0.0, 59.9986, 178.125
2020-07-13 00:00:00, , 8.050018, 2.6, 0.1, 0.0, 59.9986, 178.125
2020-07-13 06:00:00, , 8.25, 4.0, 1.9, 0.0, 59.9986, 178.125
2020-07-13 12:00:00, , 7.850006, 5.0, 2.6, 0.0, 59.9986, 178.125
2020-07-13 18:00:00, , 7.75, 5.6, 4.3, 0.0, 59.9986, 178.125
2020-07-14 00:00:00, , 7.950012, 5.4, 3.3, 0.0, 59.9986, 178.125
2020-07-14 06:00:00, , 7.950012, 4.1, 5.1, 0.0, 59.9986, 178.125
2020-07-14 12:00:00, , 7.75, 4.0, 3.3, 0.0, 59.9986, 178.125
2020-07-14 18:00:00, , 7.5500183, 1.0, 5.1, 0.0, 59.9986, 178.125
2020-07-15 00:00:00, , 7.5500183, 0.7, 2.1, 0.0, 59.9986, 178.125
2020-07-15 06:00:00, , 7.350006, -0.2, 1.0, 0.0, 59.9986, 178.125
2020-07-15 12:00:00, , 7.149994, -0.7, -0.2, 0.0, 59.9986, 178.125
2020-07-15 18:00:00, , 7.0500183, -0.8, -0.5, 0.0, 59.9986, 178.125
2020-07-16 00:00:00, , 7.350006, -0.2, -2.8, 0.0, 59.9986, 178.125
2020-07-16 06:00:00, , 7.649994, 0.3, -3.2, 0.0, 59.9986, 178.125
2020-07-16 12:00:00, , 7.649994, 0.5, -4.0, 0.0, 59.9986, 178.125
2020-07-16 18:00:00, , 7.25, 1.4, -2.0, 0.0, 59.9986, 178.125
2020-07-17 00:00:00, , 7.5500183, 1.7, -2.9, 0.0, 59.9986, 178.125
2020-07-17 06:00:00, , 7.75, 3.3, -1.4, 0.0, 59.9986, 178.125
2020-07-17 12:00:00, , 7.75, 4.3, -0.8, 0.0, 59.9986, 178.125
2020-07-17 18:00:00, , 7.5500183, 4.5, 0.1, 0.0, 59.9986, 178.125
2020-07-18 00:00:00, , 7.950012, 4.3, 0.7, 0.0, 59.9986, 178.125
2020-07-18 06:00:00, , 8.25, 3.5, 3.0, 0.0, 59.9986, 178.125
2020-07-18 12:00:00, , 8.550018, 3.9, 1.5, 0.0, 59.9986, 178.125
2020-07-18 18:00:00, , 8.25, 2.7, 3.5, 0.0, 59.9986, 178.125
2020-07-19 00:00:00, , 8.550018, 1.2, 2.0, 0.0, 59.9986, 178.125
2020-07-19 06:00:00, , 8.75, 0.5, 2.2, 0.0, 59.9986, 178.125
2020-07-19 12:00:00, , 8.450012, 1.1, 0.6, 0.0, 59.9986, 178.125
2020-07-19 18:00:00, , 8.450012, 0.5, -1.3, 0.0, 59.9986, 178.125
2020-07-20 00:00:00, , 8.25, -0.1, -0.6, 0.0, 59.9986, 178.125
2020-07-20 06:00:00, , 8.75, 0.0, -2.5, 0.0, 59.9986, 178.125
2020-07-20 12:00:00, , 8.350006, -0.7, -1.2, 0.0, 59.9986, 178.125
2020-07-20 18:00:00, , 7.950012, 0.0, -0.3, 0.0, 59.9986, 178.125
2020-07-21 00:00:00, , 8.450012, -1.5, 0.2, 0.0, 59.9986, 178.125
2020-07-21 06:00:00, , 8.25, -0.1, 0.7, 0.0, 59.9986, 178.125
2020-07-21 12:00:00, , 8.350006, -1.1, -0.1, 0.0, 59.9986, 178.125
2020-07-21 18:00:00, , 8.350006, -2.1, 1.1, 0.0, 59.9986, 178.125
2020-07-22 00:00:00, , 8.550018, -1.6, 0.2, 0.0, 59.9986, 178.125
2020-07-22 06:00:00, , 8.950012, -3.8, -0.8, 0.0, 59.9986, 178.125
2020-07-22 12:00:00, , 9.050018, -4.8, -2.4, 0.0, 59.9986, 178.125
2020-07-22 18:00:00, , 8.350006, -8.8, -3.1, 0.0, 59.9986, 178.125
2020-07-23 00:00:00, , 8.450012, -12.5, -5.4, 0.0, 59.9986, 178.125
2020-07-23 06:00:00, , 8.550018, -14.1, -6.4, 0.0, 59.9986, 178.125
2020-07-23 12:00:00, , 8.350006, -11.0, -6.1, 0.0, 59.9986, 178.125
2020-07-23 18:00:00, , 8.350006, -6.6, -6.2, 0.0, 59.9986, 178.125
2020-07-24 00:00:00, , 8.450012, -1.8, -5.6, 0.0, 59.9986, 178.125
2020-07-24 06:00:00, , 9.050018, 1.3, -2.9, 0.0, 59.9986, 178.125
2020-07-24 12:00:00, , 9.050018, 0.2, -0.4, 0.0, 59.9986, 178.125
2020-07-24 18:00:00, , 9.550018, 3.0, -1.1, 0.0, 59.9986, 178.125
2020-07-25 00:00:00, , 9.550018, 1.6, -2.3, 0.0, 59.9986, 178.125
2020-07-25 06:00:00, , 9.75, 2.6, -0.9, 0.0, 59.9986, 178.125
2020-07-25 12:00:00, , 9.450012, 1.4, -1.2, 0.0, 59.9986, 178.125
2020-07-25 18:00:00, , 8.75, 4.5, 2.3, 0.0, 59.9986, 178.125
2020-07-26 00:00:00, , 9.550018, 4.0, 2.7, 0.0, 59.9986, 178.125
2020-07-26 06:00:00, , 9.75, 3.9, 3.3, 0.0, 59.9986, 178.125
2020-07-26 12:00:00, , 9.75, 3.5, 2.8, 0.0, 59.9986, 178.125
2020-07-26 18:00:00, , 9.550018, 4.5, 3.5, 0.0, 59.9986, 178.125
2020-07-27 00:00:00, , 10.850006, 4.3, 3.6, 0.0, 59.9986, 178.125
2020-07-27 06:00:00, , 10.550018, 4.3, 5.3, 0.0, 59.9986, 178.125
2020-07-27 12:00:00, , 10.75, 6.8, 4.4, 0.0, 59.9986, 178.125
2020-07-27 18:00:00, , 10.149994, 6.8, 6.4, 0.0, 59.9986, 178.125
2020-07-28 00:00:00, , 10.050018, 6.2, 7.0, 0.0, 59.9986, 178.125
2020-07-28 06:00:00, , 9.850006, 2.9, 7.5, 0.0, 59.9986, 178.125
2020-07-28 12:00:00, , 9.75, 2.5, 6.9, 0.0, 59.9986, 178.125
2020-07-28 18:00:00, , 9.25, -0.3, 7.8, 0.0, 59.9986, 178.125
2020-07-29 00:00:00, , 9.350006, -0.6, 7.4, 0.0, 59.9986, 178.125
2020-07-29 06:00:00, , 9.649994, -2.7, 5.4, 0.0, 59.9986, 178.125
2020-07-29 12:00:00, , 9.350006, -4.1, 2.5, 0.0, 59.9986, 178.125
2020-07-29 18:00:00, , 8.950012, -2.2, -1.4, 0.0, 59.9986, 178.125
2020-07-30 00:00:00, , 9.050018, 0.2, -2.7, 0.0, 59.9986, 178.125
2020-07-30 06:00:00, , 9.450012, 4.2, -4.2, 0.0, 59.9986, 178.125
2020-07-30 12:00:00, , 9.850006, 5.2, -2.7, 0.0, 59.9986, 178.125
2020-07-30 18:00:00, , 9.75, 4.8, -2.6, 0.0, 59.9986, 178.125
2020-07-31 00:00:00, , 10.25, 3.5, -3.4, 0.0, 59.9986, 178.125
2020-07-31 06:00:00, , 10.450012, 1.4, -2.5, 0.0, 59.9986, 178.125
2020-07-31 12:00:00, , 10.350006, -0.6, -2.0, 0.0, 59.9986, 178.125
2020-07-31 18:00:00, , 9.75, -3.4, -0.1, 0.0, 59.9986, 178.125
2020-08-01 00:00:00, , 9.75, -4.1, -3.1, 0.0, 59.9986, 178.125
2020-08-01 06:00:00, , 10.350006, -6.5, -2.5, 0.0, 59.9986, 178.125
2020-08-01 12:00:00, , 10.149994, -8.2, -3.4, 0.0, 59.9986, 178.125
2020-08-01 18:00:00, , 9.75, -9.2, -2.8, 0.0, 59.9986, 178.125
2020-08-02 00:00:00, , 9.75, -10.2, -4.5, 0.0, 59.9986, 178.125
2020-08-02 06:00:00, , 10.25, -8.0, -6.6, 0.0, 59.9986, 178.125
2020-08-02 12:00:00, , 10.149994, -6.5, -9.0, 0.0, 59.9986, 178.125
2020-08-02 18:00:00, , 9.850006, -5.0, -8.6, 0.0, 59.9986, 178.125
2020-08-03 00:00:00, , 9.75, -2.4, -9.4, 0.0, 59.9986, 178.125
2020-08-03 06:00:00, , 10.149994, -1.2, -7.7, 0.0, 59.9986, 178.125
2020-08-03 12:00:00, , 9.850006, -1.2, -6.0, 0.0, 59.9986, 178.125
2020-08-03 18:00:00, , 9.450012, 1.1, -3.5, 0.0, 59.9986, 178.125
2020-08-04 00:00:00, , 9.649994, -1.2, -2.8, 0.0, 59.9986, 178.125
2020-08-04 06:00:00, , 9.75, -0.1, 1.4, 0.0, 59.9986, 178.125
2020-08-04 12:00:00, , 9.850006, -0.3, 0.8, 0.0, 59.9986, 178.125
2020-08-04 18:00:00, , 9.149994, -1.9, 2.9, 0.0, 59.9986, 178.125
2020-08-05 00:00:00, , 8.649994, -3.9, -2.6, 0.0, 59.9986, 178.125
2020-08-05 06:00:00, , 9.050018, -5.3, -2.9, 0.0, 59.9986, 178.125
2020-08-05 12:00:00, , 8.950012, -3.8, -7.2, 0.0, 59.9986, 178.125
2020-08-05 18:00:00, , 9.149994, -2.0, -7.5, 0.0, 59.9986, 178.125
2020-08-06 00:00:00, , 9.350006, 1.0, -6.9, 0.0, 59.9986, 178.125
2020-08-06 06:00:00, , 9.950012, 2.3, -5.3, 0.0, 59.9986, 178.125
2020-08-06 12:00:00, , 10.149994, 2.7, -3.9, 0.0, 59.9986, 178.125
2020-08-06 18:00:00, , 9.75, 3.8, -2.1, 0.0, 59.9986, 178.125
2020-08-07 00:00:00, , 9.75, 5.4, 1.4, 0.0, 59.9986, 178.125
2020-08-07 06:00:00, , 9.75, 4.1, 6.4, 0.0, 59.9986, 178.125
2020-08-07 12:00:00, , 10.050018, 4.4, 8.4, 0.0, 59.9986, 178.125
2020-08-07 18:00:00, , 10.050018, 3.3, 7.7, 0.0, 59.9986, 178.125
2020-08-08 00:00:00, , 9.950012, 0.2, 3.6, 0.0, 59.9986, 178.125
2020-08-08 06:00:00, , 10.25, -1.5, 0.2, 0.0, 59.9986, 178.125
2020-08-08 12:00:00, , 10.149994, -2.5, -3.0, 0.0, 59.9986, 178.125
2020-08-08 18:00:00, , 9.550018, -3.3, -4.4, 0.0, 59.9986, 178.125
2020-08-09 00:00:00, , 9.550018, -2.4, -3.6, 0.0, 59.9986, 178.125
2020-08-09 06:00:00, , 10.050018, -1.0, 0.3, 0.0, 59.9986, 178.125
2020-08-09 12:00:00, , 10.050018, 1.5, -0.6, 0.0, 59.9986, 178.125
2020-08-09 18:00:00, , 9.75, 1.6, 4.2, 0.0, 59.9986, 178.125
2020-08-10 00:00:00, , 9.950012, 1.7, 3.4, 0.0, 59.9986, 178.125
2020-08-10 06:00:00, , 10.350006, -0.6, 4.9, 0.0, 59.9986, 178.125
2020-08-10 12:00:00, , 10.149994, -0.7, 4.6, 0.0, 59.9986, 178.125
2020-08-10 18:00:00, , 9.950012, -3.2, 2.3, 0.0, 59.9986, 178.125
2020-08-11 00:00:00, , 9.649994, -3.1, 1.1, 0.0, 59.9986, 178.125
2020-08-11 06:00:00, , 10.350006, -3.9, 2.3, 0.0, 59.9986, 178.125
2020-08-11 12:00:00, , 9.850006, -4.9, -0.1, 0.0, 59.9986, 178.125
2020-08-11 18:00:00, , 9.450012, -3.5, 0.6, 0.0, 59.9986, 178.125
2020-08-12 00:00:00, , 9.649994, -5.9, 0.4, 0.0, 59.9986, 178.125
2020-08-12 06:00:00, , 10.25, -5.0, 0.5, 0.0, 59.9986, 178.125
2020-08-12 12:00:00, , 10.350006, -4.8, -0.2, 0.0, 59.9986, 178.125
2020-08-12 18:00:00, , 9.950012, -4.7, -0.6, 0.0, 59.9986, 178.125
2020-08-13 00:00:00, , 9.950012, -5.5, -1.5, 0.0, 59.9986, 178.125
2020-08-13 06:00:00, , 10.649994, -4.4, -0.7, 0.0, 59.9986, 178.125
2020-08-13 12:00:00, , 10.75, -2.6, -0.5, 0.0, 59.9986, 178.125
2020-08-13 18:00:00, , 10.649994, -3.0, -1.9, 0.0, 59.9986, 178.125
2020-08-14 00:00:00, , 10.550018, -3.6, -1.9, 0.0, 59.9986, 178.125
2020-08-14 06:00:00, , 10.850006, -1.7, 0.1, 0.0, 59.9986, 178.125
2020-08-14 12:00:00, , 10.649994, -1.7, 1.1, 0.0, 59.9986, 178.125
2020-08-14 18:00:00, , 10.75, -0.2, 1.9, 0.0, 59.9986, 178.125
2020-08-15 00:00:00, , 10.75, -0.2, 2.6, 0.0, 59.9986, 178.125
2020-08-15 06:00:00, , 10.950012, 0.3, 3.4, 0.0, 59.9986, 178.125
2020-08-15 12:00:00, , 10.75, -1.2, 2.3, 0.0, 59.9986, 178.125
2020-08-15 18:00:00, , 10.850006, -4.6, 3.2, 0.0, 59.9986, 178.125
2020-08-16 00:00:00, , 10.75, -9.5, 2.7, 0.0, 59.9986, 178.125
2020-08-16 06:00:00, , 10.950012, -12.8, 3.2, 0.0, 59.9986, 178.125
2020-08-16 12:00:00, , 10.350006, -11.7, 5.7, 0.0, 59.9986, 178.125
2020-08-16 18:00:00, , 10.649994, -8.7, 5.3, 0.0, 59.9986, 178.125
2020-08-17 00:00:00, , 10.75, -5.4, 3.6, 0.0, 59.9986, 178.125
2020-08-17 06:00:00, , 10.649994, -5.3, 1.4, 0.0, 59.9986, 178.125
2020-08-17 12:00:00, , 10.75, -4.6, -2.2, 0.0, 59.9986, 178.125
2020-08-17 18:00:00, , 10.450012, -5.4, -4.8, 0.0, 59.9986, 178.125
2020-08-18 00:00:00, , 10.649994, -3.5, -6.3, 0.0, 59.9986, 178.125
2020-08-18 06:00:00, , 11.450012, -2.1, -5.3, 0.0, 59.9986, 178.125
2020-08-18 12:00:00, , 11.050018, -2.9, -3.9, 0.0, 59.9986, 178.125
2020-08-18 18:00:00, , 10.550018, -1.1, -4.5, 0.0, 59.9986, 178.125
2020-08-19 00:00:00, , 10.950012, -1.6, -3.7, 0.0, 59.9986, 178.125
2020-08-19 06:00:00, , 11.350006, 0.0, -0.8, 0.0, 59.9986, 178.125
2020-08-19 12:00:00, , 11.550018, -1.0, -0.8, 0.0, 59.9986, 178.125
2020-08-19 18:00:00, , 11.350006, 0.1, 1.8, 0.0, 59.9986, 178.125
2020-08-20 00:00:00, , 11.149994, -0.6, 1.8, 0.0, 59.9986, 178.125
2020-08-20 06:00:00, , 11.450012, -1.0, 4.5, 0.0, 59.9986, 178.125
2020-08-20 12:00:00, , 11.350006, -1.6, 4.0, 0.0, 59.9986, 178.125
2020-08-20 18:00:00, , 11.149994, -1.7, 6.7, 0.0, 59.9986, 178.125
2020-08-21 00:00:00, , 11.25, -2.8, 8.6, 0.0, 59.9986, 178.125
2020-08-21 06:00:00, , 11.149994, -6.3, 10.2, 0.0, 59.9986, 178.125
2020-08-21 12:00:00, , 10.850006, -5.1, 12.0, 0.0, 59.9986, 178.125
2020-08-21 18:00:00, , 10.950012, 1.4, 8.9, 0.0, 59.9986, 178.125
2020-08-22 00:00:00, , 11.050018, 2.7, 5.6, 0.0, 59.9986, 178.125
2020-08-22 06:00:00, , 11.25, 1.7, 4.3, 0.0, 59.9986, 178.125
2020-08-22 12:00:00, , 10.950012, 2.1, 4.8, 0.0, 59.9986, 178.125
2020-08-22 18:00:00, , 10.850006, 2.4, 5.0, 0.0, 59.9986, 178.125
2020-08-23 00:00:00, , 10.950012, 3.1, 4.4, 0.0, 59.9986, 178.125
2020-08-23 06:00:00, , 11.25, 3.8, 3.8, 0.0, 59.9986, 178.125
2020-08-23 12:00:00, , 11.050018, 3.5, 3.8, 0.0, 59.9986, 178.125
2020-08-23 18:00:00, , 11.149994, 6.1, 1.4, 0.0, 59.9986, 178.125
2020-08-24 00:00:00, , 11.25, 6.4, 2.5, 0.0, 59.9986, 178.125
2020-08-24 06:00:00, , 11.450012, 6.1, 3.7, 0.0, 59.9986, 178.125
2020-08-24 12:00:00, , 11.25, 4.7, 4.9, 0.0, 59.9986, 178.125
2020-08-24 18:00:00, , 10.950012, 2.7, 4.8, 0.0, 59.9986, 178.125
2020-08-25 00:00:00, , 11.050018, 4.5, 1.7, 0.0, 59.9986, 178.125
2020-08-25 06:00:00, , 11.050018, 3.7, -0.3, 0.0, 59.9986, 178.125
2020-08-25 12:00:00, , 10.75, 4.2, -2.2, 0.0, 59.9986, 178.125
2020-08-25 18:00:00, , 10.450012, 1.8, -3.1, 0.0, 59.9986, 178.125
2020-08-26 00:00:00, , 10.350006, 1.2, -3.3, 0.0, 59.9986, 178.125
2020-08-26 06:00:00, , 10.950012, 0.3, -2.8, 0.0, 59.9986, 178.125
2020-08-26 12:00:00, , 10.950012, 1.7, -3.3, 0.0, 59.9986, 178.125
2020-08-26 18:00:00, , 10.550018, 2.1, -2.0, 0.0, 59.9986, 178.125
2020-08-27 00:00:00, , 10.950012, 1.5, -1.2, 0.0, 59.9986, 178.125
2020-08-27 06:00:00, , 10.950012, 0.6, 2.1, 0.0, 59.9986, 178.125
2020-08-27 12:00:00, , 11.149994, -1.9, -0.8, 0.0, 59.9986, 178.125
2020-08-27 18:00:00, , 10.75, -4.6, 0.6, 0.0, 59.9986, 178.125
2020-08-28 00:00:00, , 10.75, -5.3, -1.2, 0.0, 59.9986, 178.125
2020-08-28 06:00:00, , 10.850006, -7.4, -1.4, 0.0, 59.9986, 178.125
2020-08-28 12:00:00, , 10.850006, -7.4, -1.7, 0.0, 59.9986, 178.125
2020-08-28 18:00:00, , 10.450012, -8.0, -4.9, 0.0, 59.9986, 178.125
2020-08-29 00:00:00, , 10.149994, -8.6, -4.7, 0.0, 59.9986, 178.125
2020-08-29 06:00:00, , 10.649994, -9.1, -4.8, 0.0, 59.9986, 178.125
2020-08-29 12:00:00, , 11.149994, -7.8, -7.0, 0.0, 59.9986, 178.125
2020-08-29 18:00:00, , 11.350006, -7.7, -8.2, 0.0, 59.9986, 178.125
2020-08-30 00:00:00, , 11.450012, -6.3, -10.9, 0.0, 59.9986, 178.125
2020-08-30 06:00:00, , 11.649994, -5.5, -11.3, 0.0, 59.9986, 178.125
2020-08-30 12:00:00, , 11.350006, -3.0, -12.2, 0.0, 59.9986, 178.125
2020-08-30 18:00:00, , 10.649994, 1.0, -12.9, 0.0, 59.9986, 178.125
2020-08-31 00:00:00, , 10.350006, 3.3, -11.6, 0.0, 59.9986, 178.125
2020-08-31 06:00:00, , 10.450012, 4.7, -10.2, 0.0, 59.9986, 178.125
2020-08-31 12:00:00, , 10.25, 3.3, -6.1, 0.0, 59.9986, 178.125
2020-08-31 18:00:00, , 9.649994, 2.9, -5.0, 0.0, 59.9986, 178.125
2020-09-01 00:00:00, , 9.850006, 1.1, -2.9, 0.0, 59.9986, 178.125
2020-09-01 06:00:00, , 9.75, 1.5, -1.6, 0.0, 59.9986, 178.125
2020-09-01 12:00:00, , 9.450012, 0.0, -4.0, 0.0, 59.9986, 178.125
2020-09-01 18:00:00, , 9.149994, 1.2, -2.2, 0.0, 59.9986, 178.125
2020-09-02 00:00:00, , 9.450012, 2.4, -3.8, 0.0, 59.9986, 178.125
2020-09-02 06:00:00, , 9.75, 2.6, 0.3, 0.0, 59.9986, 178.125
2020-09-02 12:00:00, , 10.25, 4.3, 1.1, 0.0, 59.9986, 178.125
2020-09-02 18:00:00, , 10.25, 3.1, 3.9, 0.0, 59.9986, 178.125
2020-09-03 00:00:00, , 10.450012, 2.9, 2.9, 0.0, 59.9986, 178.125
2020-09-03 06:00:00, , 10.350006, 1.0, 5.2, 0.0, 59.9986, 178.125
2020-09-03 12:00:00, , 10.350006, 1.3, 3.8, 0.0, 59.9986, 178.125
2020-09-03 18:00:00, , 9.950012, -3.6, 4.6, 0.0, 59.9986, 178.125
2020-09-04 00:00:00, , 9.75, -6.9, 2.3, 0.0, 59.9986, 178.125
2020-09-04 06:00:00, , 10.050018, -10.0, 2.8, 0.0, 59.9986, 178.125
2020-09-04 12:00:00, , 9.950012, -11.6, 3.6, 0.0, 59.9986, 178.125
2020-09-04 18:00:00, , 10.149994, -11.3, 4.4, 0.0, 59.9986, 178.125
2020-09-05 00:00:00, , 9.950012, -9.6, 3.1, 0.0, 59.9986, 178.125
2020-09-05 06:00:00, , 10.25, -8.2, 4.0, 0.0, 59.9986, 178.125
2020-09-05 12:00:00, , 9.850006, -7.3, 2.7, 0.0, 59.9986, 178.125
2020-09-05 18:00:00, , 9.950012, -6.3, 3.1, 0.0, 59.9986, 178.125
2020-09-06 00:00:00, , 9.950012, -6.0, -0.3, 0.0, 59.9986, 178.125
2020-09-06 06:00:00, , 9.950012, -5.8, -0.2, 0.0, 59.9986, 178.125
2020-09-06 12:00:00, , 9.75, -5.7, -6.2, 0.0, 59.9986, 178.125
2020-09-06 18:00:00, , 9.550018, -2.6, -11.6, 0.0, 59.9986, 178.125
2020-09-07 00:00:00, , 9.550018, 0.8, -14.5, 0.0, 59.9986, 178.125
2020-09-07 06:00:00, , 9.649994, 4.0, -12.5, 0.0, 59.9986, 178.125
2020-09-07 12:00:00, , 9.050018, 3.1, -8.6, 0.0, 59.9986, 178.125
2020-09-07 18:00:00, , 9.350006, 5.3, -5.1, 0.0, 59.9986, 178.125
2020-09-08 00:00:00, , 9.649994, 5.1, -3.0, 0.0, 59.9986, 178.125
2020-09-08 06:00:00, , 9.950012, 3.3, -1.2, 0.0, 59.9986, 178.125
2020-09-08 12:00:00, , 9.850006, 3.1, 0.0, 0.0, 59.9986, 178.125
2020-09-08 18:00:00, , 9.75, 1.6, 4.0, 0.0, 59.9986, 178.125
2020-09-09 00:00:00, , 9.25, -2.1, 6.4, 0.0, 59.9986, 178.125
2020-09-09 06:00:00, , 9.850006, -6.0, 10.2, 0.0, 59.9986, 178.125
2020-09-09 12:00:00, , 9.450012, -7.3, 12.1, 0.0, 59.9986, 178.125
2020-09-09 18:00:00, , 9.950012, -4.5, 12.6, 0.0, 59.9986, 178.125
2020-09-10 00:00:00, , 10.149994, -4.8, 12.0, 0.0, 59.9986, 178.125
2020-09-10 06:00:00, , 10.450012, -4.6, 12.4, 0.0, 59.9986, 178.125
2020-09-10 12:00:00, , 10.25, -6.2, 10.9, 0.0, 59.9986, 178.125
2020-09-10 18:00:00, , 9.950012, -9.0, 11.1, 0.0, 59.9986, 178.125
2020-09-11 00:00:00, , 9.950012, -9.2, 8.8, 0.0, 59.9986, 178.125
2020-09-11 06:00:00, , 9.950012, -10.7, 7.5, 0.0, 59.9986, 178.125
2020-09-11 12:00:00, , 9.850006, -9.3, 5.9, 0.0, 59.9986, 178.125
2020-09-11 18:00:00, , 9.850006, -10.3, 4.6, 0.0, 59.9986, 178.125
2020-09-12 00:00:00, , 9.649994, -15.5, 2.9, 0.0, 59.9986, 178.125
2020-09-12 06:00:00, , 9.75, -18.7, 4.3, 0.0, 59.9986, 178.125
2020-09-12 12:00:00, , 10.25, -13.0, 8.6, 0.0, 59.9986, 178.125
2020-09-12 18:00:00, , 10.350006, -7.7, 10.0, 0.0, 59.9986, 178.125
2020-09-13 00:00:00, , 10.350006, -7.3, 8.6, 0.0, 59.9986, 178.125
2020-09-13 06:00:00, , 10.450012, -7.0, 6.7, 0.0, 59.9986, 178.125
2020-09-13 12:00:00, , 10.25, -6.6, 9.0, 0.0, 59.9986, 178.125
2020-09-13 18:00:00, , 10.149994, -5.9, 8.3, 0.0, 59.9986, 178.125
2020-09-14 00:00:00, , 10.149994, -5.8, 7.5, 0.0, 59.9986, 178.125
2020-09-14 06:00:00, , 10.25, -2.9, 9.0, 0.0, 59.9986, 178.125
2020-09-14 12:00:00, , 10.050018, -1.6, 7.8, 0.0, 59.9986, 178.125
2020-09-14 18:00:00, , 9.450012, -1.1, 4.9, 0.0, 59.9986, 178.125
2020-09-15 00:00:00, , 9.25, -0.7, 2.5, 0.0, 59.9986, 178.125
2020-09-15 06:00:00, , 9.75, -0.1, 1.9, 0.0, 59.9986, 178.125
2020-09-15 12:00:00, , 9.850006, 0.7, 0.6, 0.0, 59.9986, 178.125
2020-09-15 18:00:00, , 9.450012, 2.2, 0.8, 0.0, 59.9986, 178.125
2020-09-16 00:00:00, , 9.550018, 4.5, -1.1, 0.0, 59.9986, 178.125
2020-09-16 06:00:00, , 9.350006, 5.9, 1.0, 0.0, 59.9986, 178.125
2020-09-16 12:00:00, , 9.25, 5.3, -0.9, 0.0, 59.9986, 178.125
2020-09-16 18:00:00, , 9.149994, 5.9, -1.9, 0.0, 59.9986, 178.125
2020-09-17 00:00:00, , 9.550018, 6.9, -3.8, 0.0, 59.9986, 178.125
2020-09-17 06:00:00, , 9.450012, 6.3, -3.7, 0.0, 59.9986, 178.125
2020-09-17 12:00:00, , 9.649994, 6.8, -3.7, 0.0, 59.9986, 178.125
2020-09-17 18:00:00, , 9.550018, 5.1, -2.4, 0.0, 59.9986, 178.125
2020-09-18 00:00:00, , 9.450012, 2.8, -4.6, 0.0, 59.9986, 178.125
2020-09-18 06:00:00, , 9.350006, 2.3, -4.6, 0.0, 59.9986, 178.125
2020-09-18 12:00:00, , 8.75, 3.4, -2.8, 0.0, 59.9986, 178.125
2020-09-18 18:00:00, , 8.050018, 3.0, -0.2, 0.0, 59.9986, 178.125
2020-09-19 00:00:00, , 7.850006, 2.3, -1.8, 0.0, 59.9986, 178.125
2020-09-19 06:00:00, , 7.5500183, 0.9, 0.7, 0.0, 59.9986, 178.125
2020-09-19 12:00:00, , 8.450012, -1.0, 3.5, 0.0, 59.9986, 178.125
2020-09-19 18:00:00, , 9.050018, -5.1, 3.9, 0.0, 59.9986, 178.125
2020-09-20 00:00:00, , 9.25, -14.0, -1.1, 0.0, 59.9986, 178.125
2020-09-20 06:00:00, , 9.350006, -15.8, -5.9, 0.0, 59.9986, 178.125
2020-09-20 12:00:00, , 8.950012, -13.7, -10.9, 0.0, 59.9986, 178.125
2020-09-20 18:00:00, , 8.75, -8.5, -12.8, 0.0, 59.9986, 178.125
2020-09-21 00:00:00, , 8.550018, -2.7, -11.6, 0.0, 59.9986, 178.125
2020-09-21 06:00:00, , 8.450012, 0.5, -9.5, 0.0, 59.9986, 178.125
2020-09-21 12:00:00, , 7.950012, 3.1, -9.1, 0.0, 59.9986, 178.125
2020-09-21 18:00:00, , 7.850006, 2.0, -7.9, 0.0, 59.9986, 178.125
2020-09-22 00:00:00, , 8.450012, 2.6, -9.3, 0.0, 59.9986, 178.125
2020-09-22 06:00:00, , 8.850006, 3.1, -7.9, 0.0, 59.9986, 178.125
2020-09-22 12:00:00, , 8.350006, 4.4, -5.6, 0.0, 59.9986, 178.125
2020-09-22 18:00:00, , 8.050018, 5.8, -4.7, 0.0, 59.9986, 178.125
2020-09-23 00:00:00, , 7.950012, 4.2, -4.4, 0.0, 59.9986, 178.125
2020-09-23 06:00:00, , 8.149994, 4.3, -4.0, 0.0, 59.9986, 178.125
2020-09-23 12:00:00, , 7.950012, 3.0, -3.4, 0.0, 59.9986, 178.125
2020-09-23 18:00:00, , 7.850006, 4.6, -2.2, 0.0, 59.9986, 178.125
2020-09-24 00:00:00, , 8.050018, 3.3, -4.3, 0.0, 59.9986, 178.125
2020-09-24 06:00:00, , 7.950012, 4.9, -2.7, 0.0, 59.9986, 178.125
2020-09-24 12:00:00, , 7.75, 3.5, -1.6, 0.0, 59.9986, 178.125
2020-09-24 18:00:00, , 7.450012, 3.1, 0.1, 0.0, 59.9986, 178.125
2020-09-25 00:00:00, , 7.450012, 0.0, -2.0, 0.0, 59.9986, 178.125
2020-09-25 06:00:00, , 7.5500183, -2.7, -2.2, 0.0, 59.9986, 178.125
2020-09-25 12:00:00, , 7.0500183, -4.7, -3.1, 0.0, 59.9986, 178.125
2020-09-25 18:00:00, , 7.149994, -6.0, -0.4, 0.0, 59.9986, 178.125
2020-09-26 00:00:00, , 7.450012, -7.1, -5.5, 0.0, 59.9986, 178.125
2020-09-26 06:00:00, , 7.350006, -7.6, -5.1, 0.0, 59.9986, 178.125
2020-09-26 12:00:00, , 6.649994, -7.0, -8.0, 0.0, 59.9986, 178.125
2020-09-26 18:00:00, , 6.350006, -4.5, -7.7, 0.0, 59.9986, 178.125
2020-09-27 00:00:00, , 6.0500183, 0.7, -9.5, 0.0, 59.9986, 178.125
2020-09-27 06:00:00, , 6.450012, 2.8, -9.6, 0.0, 59.9986, 178.125
2020-09-27 12:00:00, , 6.350006, 2.6, -10.5, 0.0, 59.9986, 178.125
2020-09-27 18:00:00, , 6.5500183, 3.4, -9.2, 0.0, 59.9986, 178.125
2020-09-28 00:00:00, , 7.25, 4.6, -8.4, 0.0, 59.9986, 178.125
2020-09-28 06:00:00, , 7.350006, 5.3, -5.4, 0.0, 59.9986, 178.125
2020-09-28 12:00:00, , 7.850006, 5.8, -1.3, 0.0, 59.9986, 178.125
2020-09-28 18:00:00, , 8.25, 7.2, 1.9, 0.0, 59.9986, 178.125
2020-09-29 00:00:00, , 8.950012, 6.7, 2.9, 0.0, 59.9986, 178.125
2020-09-29 06:00:00, , 9.350006, 6.2, 1.6, 0.0, 59.9986, 178.125
2020-09-29 12:00:00, , 9.25, 4.1, -1.7, 0.0, 59.9986, 178.125
2020-09-29 18:00:00, , 9.25, 2.0, -0.9, 0.0, 59.9986, 178.125
2020-09-30 00:00:00, , 9.050018, -0.3, -0.3, 0.0, 59.9986, 178.125
2020-09-30 06:00:00, , 8.950012, -0.9, -1.2, 0.0, 59.9986, 178.125
2020-09-30 12:00:00, , 8.350006, 1.9, -3.6, 0.0, 59.9986, 178.125
2020-09-30 18:00:00, , 7.649994, 0.5, -5.3, 0.0, 59.9986, 178.125
2020-10-01 00:00:00, , 7.649994, 0.3, -6.3, 0.0, 59.9986, 178.125
2020-10-01 06:00:00, , 7.850006, -0.4, -6.8, 0.0, 59.9986, 178.125
2020-10-01 12:00:00, , 7.649994, -0.1, -5.4, 0.0, 59.9986, 178.125
2020-10-01 18:00:00, , 7.350006, -0.3, -7.7, 0.0, 59.9986, 178.125
2020-10-02 00:00:00, , 7.649994, 0.6, -9.8, 0.0, 59.9986, 178.125
2020-10-02 06:00:00, , 7.850006, 0.5, -8.4, 0.0, 59.9986, 178.125
2020-10-02 12:00:00, , 8.550018, -0.8, -8.6, 0.0, 59.9986, 178.125
2020-10-02 18:00:00, , 8.649994, -2.7, -7.0, 0.0, 59.9986, 178.125
2020-10-03 00:00:00, , 8.75, -4.4, -8.8, 0.0, 59.9986, 178.125
2020-10-03 06:00:00, , 8.649994, -3.4, -9.4, 0.0, 59.9986, 178.125
2020-10-03 12:00:00, , 8.25, -3.4, -9.5, 0.0, 59.9986, 178.125
2020-10-03 18:00:00, , 7.950012, -1.4, -10.0, 0.0, 59.9986, 178.125
2020-10-04 00:00:00, , 7.450012, 0.3, -9.4, 0.0, 59.9986, 178.125
2020-10-04 06:00:00, , 7.350006, 2.0, -7.7, 0.0, 59.9986, 178.125
2020-10-04 12:00:00, , 6.649994, 2.8, -6.8, 0.0, 59.9986, 178.125
2020-10-04 18:00:00, , 6.350006, 1.8, -6.5, 0.0, 59.9986, 178.125
2020-10-05 00:00:00, , 5.850006, 3.6, -5.8, 0.0, 59.9986, 178.125
2020-10-05 06:00:00, , 5.5500183, 3.3, -3.6, 0.0, 59.9986, 178.125
2020-10-05 12:00:00, , 4.149994, 3.2, -0.9, 0.0, 59.9986, 178.125
2020-10-05 18:00:00, , 5.149994, -1.0, 5.0, 0.0, 59.9986, 178.125
2020-10-06 00:00:00, , 7.5500183, -6.5, 8.5, 0.0, 59.9986, 178.125
2020-10-06 06:00:00, , 8.450012, -9.4, 12.8, 0.0, 59.9986, 178.125
2020-10-06 12:00:00, , 8.450012, -14.9, 13.1, 0.0, 59.9986, 178.125
2020-10-06 18:00:00, , 8.850006, -10.2, 14.3, 0.0, 59.9986, 178.125
2020-10-07 00:00:00, , 9.25, 1.3, 13.4, 0.0, 59.9986, 178.125
2020-10-07 06:00:00, , 9.149994, -1.7, 8.8, 0.0, 59.9986, 178.125
2020-10-07 12:00:00, , 8.649994, 0.5, 2.3, 0.0, 59.9986, 178.125
2020-10-07 18:00:00, , 8.850006, 4.7, -1.0, 0.0, 59.9986, 178.125
2020-10-08 00:00:00, , 8.550018, 5.9, -2.7, 0.0, 59.9986, 178.125
2020-10-08 06:00:00, , 8.149994, 7.8, -4.5, 0.0, 59.9986, 178.125
2020-10-08 12:00:00, , 7.850006, 8.9, -4.3, 0.0, 59.9986, 178.125
2020-10-08 18:00:00, , 7.5500183, 8.5, -2.1, 0.0, 59.9986, 178.125
2020-10-09 00:00:00, , 7.450012, 7.6, -0.1, 0.0, 59.9986, 178.125
2020-10-09 06:00:00, , 7.5500183, 2.9, 2.1, 0.0, 59.9986, 178.125
2020-10-09 12:00:00, , 7.5500183, 0.7, -0.2, 0.0, 59.9986, 178.125
2020-10-09 18:00:00, , 7.950012, -2.7, -1.4, 0.0, 59.9986, 178.125
2020-10-10 00:00:00, , 7.75, -4.6, -4.0, 0.0, 59.9986, 178.125
2020-10-10 06:00:00, , 7.850006, -4.7, -2.3, 0.0, 59.9986, 178.125
2020-10-10 12:00:00, , 8.050018, -5.3, -5.1, 0.0, 59.9986, 178.125
2020-10-10 18:00:00, , 7.950012, -4.3, -6.5, 0.0, 59.9986, 178.125
2020-10-11 00:00:00, , 7.5500183, -2.1, -9.5, 0.0, 59.9986, 178.125
2020-10-11 06:00:00, , 6.75, 0.2, -10.7, 0.0, 59.9986, 178.125
2020-10-11 12:00:00, , 5.950012, 1.4, -10.6, 0.0, 59.9986, 178.125
2020-10-11 18:00:00, , 6.0500183, 0.2, -9.9, 0.0, 59.9986, 178.125
2020-10-12 00:00:00, , 6.25, -1.7, -10.7, 0.0, 59.9986, 178.125
2020-10-12 06:00:00, , 6.649994, -2.5, -10.6, 0.0, 59.9986, 178.125
2020-10-12 12:00:00, , 7.149994, -2.9, -12.0, 0.0, 59.9986, 178.125
2020-10-12 18:00:00, , 6.5500183, -2.2, -11.0, 0.0, 59.9986, 178.125
2020-10-13 00:00:00, , 6.25, -1.3, -11.6, 0.0, 59.9986, 178.125
2020-10-13 06:00:00, , 5.850006, 1.0, -8.7, 0.0, 59.9986, 178.125
2020-10-13 12:00:00, , 5.950012, 3.6, -7.4, 0.0, 59.9986, 178.125
2020-10-13 18:00:00, , 5.649994, 5.0, -2.0, 0.0, 59.9986, 178.125
2020-10-14 00:00:00, , 6.850006, 7.2, -0.7, 0.0, 59.9986, 178.125
2020-10-14 06:00:00, , 7.350006, 7.7, 2.7, 0.0, 59.9986, 178.125
2020-10-14 12:00:00, , 7.450012, 6.3, 4.3, 0.0, 59.9986, 178.125
2020-10-14 18:00:00, , 7.149994, 4.9, 7.7, 0.0, 59.9986, 178.125
2020-10-15 00:00:00, , 7.450012, 3.0, 11.0, 0.0, 59.9986, 178.125
2020-10-15 06:00:00, , 7.450012, 0.5, 16.4, 0.0, 59.9986, 178.125
2020-10-15 12:00:00, , 7.450012, -1.5, 17.8, 0.0, 59.9986, 178.125
2020-10-15 18:00:00, , 7.850006, -0.1, 18.0, 0.0, 59.9986, 178.125
2020-10-16 00:00:00, , 7.950012, 1.5, 14.2, 0.0, 59.9986, 178.125
2020-10-16 06:00:00, , 8.050018, 4.3, 9.2, 0.0, 59.9986, 178.125
2020-10-16 12:00:00, , 8.050018, 5.8, 5.8, 0.0, 59.9986, 178.125
2020-10-16 18:00:00, , 7.850006, 4.8, 3.5, 0.0, 59.9986, 178.125
2020-10-17 00:00:00, , 7.450012, 3.9, 1.6, 0.0, 59.9986, 178.125
2020-10-17 06:00:00, , 6.850006, 3.0, 3.0, 0.0, 59.9986, 178.125
2020-10-17 12:00:00, , 6.450012, 1.6, 3.3, 0.0, 59.9986, 178.125
2020-10-17 18:00:00, , 6.350006, 0.8, 1.7, 0.0, 59.9986, 178.125
2020-10-18 00:00:00, , 5.450012, 1.0, -1.7, 0.0, 59.9986, 178.125
2020-10-18 06:00:00, , 4.75, 2.3, -4.7, 0.0, 59.9986, 178.125
2020-10-18 12:00:00, , 5.149994, 3.4, -6.2, 0.0, 59.9986, 178.125
2020-10-18 18:00:00, , 5.5500183, 6.2, -2.8, 0.0, 59.9986, 178.125
2020-10-19 00:00:00, , 5.75, 4.3, -0.8, 0.0, 59.9986, 178.125
2020-10-19 06:00:00, , 6.350006, 4.4, 4.8, 0.0, 59.9986, 178.125
2020-10-19 12:00:00, , 6.649994, 2.8, 5.8, 0.0, 59.9986, 178.125
2020-10-19 18:00:00, , 7.149994, 1.6, 8.7, 0.0, 59.9986, 178.125
2020-10-20 00:00:00, , 7.75, 3.2, 8.6, 0.0, 59.9986, 178.125
2020-10-20 06:00:00, , 7.649994, 2.9, 7.2, 0.0, 59.9986, 178.125
2020-10-20 12:00:00, , 7.450012, 0.8, 7.3, 0.0, 59.9986, 178.125
2020-10-20 18:00:00, , 7.149994, -3.1, 7.3, 0.0, 59.9986, 178.125
2020-10-21 00:00:00, , 6.950012, -7.3, 7.8, 0.0, 59.9986, 178.125
2020-10-21 06:00:00, , 6.350006, -9.0, 6.2, 0.0, 59.9986, 178.125
2020-10-21 12:00:00, , 6.450012, -11.2, 1.8, 0.0, 59.9986, 178.125
2020-10-21 18:00:00, , 5.950012, -12.5, -2.4, 0.0, 59.9986, 178.125
2020-10-22 00:00:00, , 6.0500183, -14.0, -6.4, 0.0, 59.9986, 178.125
2020-10-22 06:00:00, , 6.350006, -14.2, -8.1, 0.0, 59.9986, 178.125
2020-10-22 12:00:00, , 7.0500183, -13.1, -10.7, 0.0, 59.9986, 178.125
2020-10-22 18:00:00, , 6.5500183, -13.0, -13.3, 0.0, 59.9986, 178.125
2020-10-23 00:00:00, , 6.850006, -12.0, -12.4, 0.0, 59.9986, 178.125
2020-10-23 06:00:00, , 6.5500183, -8.3, -14.8, 0.0, 59.9986, 178.125
2020-10-23 12:00:00, , 6.649994, -7.0, -13.6, 0.0, 59.9986, 178.125
2020-10-23 18:00:00, , 6.5500183, -3.7, -13.4, 0.0, 59.9986, 178.125
2020-10-24 00:00:00, , 6.5500183, -3.9, -13.1, 0.0, 59.9986, 178.125
2020-10-24 06:00:00, , 6.649994, -2.0, -12.7, 0.0, 59.9986, 178.125
2020-10-24 12:00:00, , 6.75, -2.2, -11.7, 0.0, 59.9986, 178.125
2020-10-24 18:00:00, , 6.5500183, -0.1, -10.2, 0.0, 59.9986, 178.125
2020-10-25 00:00:00, , 6.25, -0.5, -8.5, 0.0, 59.9986, 178.125
2020-10-25 06:00:00, , 6.25, -0.7, -7.6, 0.0, 59.9986, 178.125
2020-10-25 12:00:00, , 5.75, -0.9, -8.5, 0.0, 59.9986, 178.125
2020-10-25 18:00:00, , 5.75, -1.0, -7.5, 0.0, 59.9986, 178.125
2020-10-26 00:00:00, , 5.75, -0.3, -6.9, 0.0, 59.9986, 178.125
2020-10-26 06:00:00, , 5.450012, 1.4, -4.2, 0.0, 59.9986, 178.125
2020-10-26 12:00:00, , 5.5500183, 3.1, -3.7, 0.0, 59.9986, 178.125
2020-10-26 18:00:00, , 5.450012, 1.2, -3.2, 0.0, 59.9986, 178.125
2020-10-27 00:00:00, , 5.350006, 1.4, -0.7, 0.0, 59.9986, 178.125
2020-10-27 06:00:00, , 5.649994, -0.4, 1.1, 0.0, 59.9986, 178.125
2020-10-27 12:00:00, , 5.75, -1.9, -1.0, 0.0, 59.9986, 178.125
2020-10-27 18:00:00, , 5.75, -4.4, -0.8, 0.0, 59.9986, 178.125
2020-10-28 00:00:00, , 5.5500183, -7.9, -2.1, 0.0, 59.9986, 178.125
2020-10-28 06:00:00, , 5.950012, -8.3, -2.4, 0.0, 59.9986, 178.125
2020-10-28 12:00:00, , 5.75, -9.7, -4.9, 0.0, 59.9986, 178.125
2020-10-28 18:00:00, , 5.450012, -8.6, -5.8, 0.0, 59.9986, 178.125
2020-10-29 00:00:00, , 5.350006, -9.3, -6.3, 0.0, 59.9986, 178.125
2020-10-29 06:00:00, , 4.75, -9.1, -5.8, 0.0, 59.9986, 178.125
2020-10-29 12:00:00, , 4.0500183, -8.2, -8.7, 0.0, 59.9986, 178.125
2020-10-29 18:00:00, , 3.25, -7.5, -7.4, 0.0, 59.9986, 178.125
2020-10-30 00:00:00, , 3.149994, -5.4, -8.6, 0.0, 59.9986, 178.125
2020-10-30 06:00:00, , 3.0500183, -2.5, -6.0, 0.0, 59.9986, 178.125
2020-10-30 12:00:00, , 2.4500122, 1.2, -3.6, 0.0, 59.9986, 178.125
2020-10-30 18:00:00, , 2.0500183, 5.5, -2.2, 0.0, 59.9986, 178.125
2020-10-31 00:00:00, , 2.149994, 5.7, -3.5, 0.0, 59.9986, 178.125
2020-10-31 06:00:00, , 1.8500061, 3.8, -2.3, 0.0, 59.9986, 178.125
2020-10-31 12:00:00, , 2.4500122, 0.7, -2.3, 0.0, 59.9986, 178.125
2020-10-31 18:00:00, , 2.0500183, -0.9, -1.9, 0.0, 59.9986, 178.125
2020-11-01 00:00:00, , 3.25, -4.8, -3.6, 0.0, 59.9986, 178.125
2020-11-01 06:00:00, , 3.649994, -6.1, -1.7, 0.0, 59.9986, 178.125
2020-11-01 12:00:00, , 4.25, -5.6, -3.1, 0.0, 59.9986, 178.125
2020-11-01 18:00:00, , 4.149994, -3.0, -0.2, 0.0, 59.9986, 178.125
2020-11-02 00:00:00, , 4.5500183, -1.7, -2.8, 0.0, 59.9986, 178.125
2020-11-02 06:00:00, , 4.0500183, 1.2, -2.0, 0.0, 59.9986, 178.125
2020-11-02 12:00:00, , 3.850006, 3.7, -3.7, 0.0, 59.9986, 178.125
2020-11-02 18:00:00, , 3.75, 5.7, -2.2, 0.0, 59.9986, 178.125
2020-11-03 00:00:00, , 4.350006, 9.3, -2.0, 0.0, 59.9986, 178.125
2020-11-03 06:00:00, , 5.5500183, 10.2, -1.5, 0.0, 59.9986, 178.125
2020-11-03 12:00:00, , 5.25, 8.1, -4.6, 0.0, 59.9986, 178.125
2020-11-03 18:00:00, , 4.850006, 4.3, -3.2, 0.0, 59.9986, 178.125
2020-11-04 00:00:00, , 5.149994, 2.2, 5.4, 0.0, 59.9986, 178.125
2020-11-04 06:00:00, , 6.149994, 1.4, 11.4, 0.0, 59.9986, 178.125
2020-11-04 12:00:00, , 5.75, -3.5, 14.8, 0.0, 59.9986, 178.125
2020-11-04 18:00:00, , 6.0500183, -7.7, 20.4, 0.0, 59.9986, 178.125
2020-11-05 00:00:00, , 6.75, -4.7, 22.3, 0.0, 59.9986, 178.125
2020-11-05 06:00:00, , 7.350006, 5.9, 20.1, 0.0, 59.9986, 178.125
2020-11-05 12:00:00, , 6.25, 8.3, 18.9, 0.0, 59.9986, 178.125
2020-11-05 18:00:00, , 6.350006, 17.7, 12.9, 0.0, 59.9986, 178.125
2020-11-06 00:00:00, , 6.25, 13.2, 12.8, 0.0, 59.9986, 178.125
2020-11-06 06:00:00, , 6.149994, 9.8, 10.9, 0.0, 59.9986, 178.125
2020-11-06 12:00:00, , 5.75, 9.8, 7.5, 0.0, 59.9986, 178.125
2020-11-06 18:00:00, , 5.850006, 9.4, 7.1, 0.0, 59.9986, 178.125
2020-11-07 00:00:00, , 5.149994, 4.8, 6.8, 0.0, 59.9986, 178.125
2020-11-07 06:00:00, , 5.149994, 2.0, 6.7, 0.0, 59.9986, 178.125
2020-11-07 12:00:00, , 4.0500183, 0.1, 3.2, 0.0, 59.9986, 178.125
2020-11-07 18:00:00, , 4.450012, 1.3, 2.6, 0.0, 59.9986, 178.125
2020-11-08 00:00:00, , 4.450012, 1.3, 1.4, 0.0, 59.9986, 178.125
2020-11-08 06:00:00, , 4.450012, 4.6, -0.9, 0.0, 59.9986, 178.125
2020-11-08 12:00:00, , 4.450012, 4.3, 2.7, 0.0, 59.9986, 178.125
2020-11-08 18:00:00, , 4.75, -6.2, 3.2, 0.0, 59.9986, 178.125
2020-11-09 00:00:00, , 5.850006, -14.5, 6.6, 0.0, 59.9986, 178.125
2020-11-09 06:00:00, , 6.850006, -0.1, 12.2, 0.0, 59.9986, 178.125
2020-11-09 12:00:00, , 6.350006, 5.7, 14.0, 0.0, 59.9986, 178.125
2020-11-09 18:00:00, , 5.25, 11.2, 12.9, 0.0, 59.9986, 178.125
2020-11-10 00:00:00, , 4.5500183, 12.8, 9.5, 0.0, 59.9986, 178.125
2020-11-10 06:00:00, , 4.25, 10.3, 7.1, 0.0, 59.9986, 178.125
2020-11-10 12:00:00, , 3.5500183, 4.2, -1.4, 0.0, 59.9986, 178.125
2020-11-10 18:00:00, , 3.9500122, 4.0, -9.7, 0.0, 59.9986, 178.125
2020-11-11 00:00:00, , 3.75, 7.8, -10.8, 0.0, 59.9986, 178.125
2020-11-11 06:00:00, , 3.5500183, 10.9, -6.1, 0.0, 59.9986, 178.125
2020-11-11 12:00:00, , 2.75, 11.7, -3.9, 0.0, 59.9986, 178.125
2020-11-11 18:00:00, , 2.0500183, 11.1, -2.0, 0.0, 59.9986, 178.125
2020-11-12 00:00:00, , 2.350006, 10.7, -2.7, 0.0, 59.9986, 178.125
2020-11-12 06:00:00, , 2.0500183, 11.1, -0.6, 0.0, 59.9986, 178.125
2020-11-12 12:00:00, , 1.8500061, 10.8, -0.1, 0.0, 59.9986, 178.125
2020-11-12 18:00:00, , 2.149994, 9.6, -2.1, 0.0, 59.9986, 178.125
2020-11-13 00:00:00, , 2.149994, 8.8, -3.7, 0.0, 59.9986, 178.125
2020-11-13 06:00:00, , 2.4500122, 6.8, -4.4, 0.0, 59.9986, 178.125
2020-11-13 12:00:00, , 2.75, 3.6, -9.2, 0.0, 59.9986, 178.125
2020-11-13 18:00:00, , 2.850006, 1.8, -11.8, 0.0, 59.9986, 178.125
2020-11-14 00:00:00, , 2.4500122, 2.2, -13.5, 0.0, 59.9986, 178.125
2020-11-14 06:00:00, , 2.4500122, 2.9, -11.2, 0.0, 59.9986, 178.125
2020-11-14 12:00:00, , 1.75, 3.1, -8.8, 0.0, 59.9986, 178.125
2020-11-14 18:00:00, , 1.0500183, 3.8, -6.4, 0.0, 59.9986, 178.125
2020-11-15 00:00:00, , 0.25, 2.7, -2.0, 0.0, 59.9986, 178.125
2020-11-15 06:00:00, , 1.6499939, 2.4, 5.8, 0.0, 59.9986, 178.125
2020-11-15 12:00:00, , 3.0500183, -2.8, 11.7, 0.0, 59.9986, 178.125
2020-11-15 18:00:00, , 3.850006, -2.7, 13.9, 0.0, 59.9986, 178.125
